tag,source,out_degree,k,method,seed,sigma0_saa,sigma0_mc,sigma_saa,sigma_mc,R_saa,R_mc,saa_mc_gap,cut_size,hop_mix,stop_reason,seconds,candidates,tie_split_at_cutoff,tie_group_sizes,iterations_done,evaluations,scope_weights,repair_weights,destroy_weights,best_hits_by_heuristic,best_hits_by_hop,best_hits_by_scope,scope_selected,neutral_moves,fallback_used,layer_sizes,q_bounds,param_max_iter,param_segment_length,param_repair_p,param_q_min_frac,param_q_max_frac,param_reaction_factor,param_max_hop_scope,param_fixed_hop_scope
population,611,9,3,greedy_random,7.0,22.086,16.62,15.584,10.6405,0.2943946391379154,0.359777376654633,-0.0653827375167176,3,{0: 3},topk,0.01,9.0,"(1, 0)","[1, 1, 1, 1, 1, 1, 1, 1, 1]",,,,,,,,,,,,,,,,,,,,,
population,611,9,3,greedy_probability,,22.086,16.62,15.376,10.192,0.3038123698270397,0.38676293622142,-0.0829505663943802,3,{0: 3},topk,0.01,9.0,"(2, 0)","[6, 2, 1]",,,,,,,,,,,,,,,,,,,,,
population,611,9,3,greedy_degree,,22.086,16.62,9.102,11.0125,0.5878837272480304,0.3373947051744886,0.2504890220735417,3,{0: 3},topk,0.01,9.0,"(1, 0)","[2, 2, 1, 1, 1, 1, 1]",,,,,,,,,,,,,,,,,,,,,
population,611,9,3,greedy_bridge,,22.086,16.62,16.784,11.024,0.2400615774698904,0.3367027677496992,-0.0966411902798087,3,{0: 3},topk,0.01,9.0,"(3, 4)","[7, 2]",,,,,,,,,,,,,,,,,,,,,
population,611,9,3,greedy_betweenness,,22.086,16.62,9.176,10.0085,0.5845331884451688,0.3978038507821901,0.1867293376629786,3,{0: 3},topk,0.01,9.0,"(1, 0)","[1, 1, 1, 1, 1, 1, 1, 1, 1]",,,,,,,,,,,,,,,,,,,,,
population,611,9,3,greedy_spectral,,22.086,16.62,9.176,10.0085,0.5845331884451688,0.3978038507821901,0.1867293376629786,3,{0: 3},topk,0.0,9.0,"(1, 0)","[1, 1, 1, 1, 1, 1, 1, 1, 1]",,,,,,,,,,,,,,,,,,,,,
population,611,9,3,alns,7.0,22.086,16.62,9.102,11.0125,0.5878837272480304,0.3373947051744886,0.2504890220735417,3,{0: 3},max_iter,1.26,,,,300.0,195.0,"{0: 0.5414174214340771, 1: 0.22876792454961012, 2: 0.2653707924775477, 3: 0.3065490188964775}","{'random': 0.2948564360861641, 'probability': 0.22876792454961012, 'degree': 0.33891544377720023, 'bridge': 0.22876792454961012, 'betweenness': 0.5185406289791161, 'spectral': 0.3946246698480775}","{'random': 0.6440163694139024, 'worst': 0.4758372830631889, 'related': 0.2058911320946491}","{'random': 0, 'probability': 0, 'degree': 0, 'bridge': 0, 'betweenness': 1, 'spectral': 1}",{0: 2},"{0: 2, 1: 0, 2: 0, 3: 0}","{0: 111, 1: 53, 2: 60, 3: 76}","{'random': 2, 'probability': 2, 'degree': 12, 'bridge': 1, 'betweenness': 11, 'spectral': 11}","{0: 0, 1: 0, 2: 0, 3: 0}","{0: 9, 1: 92, 2: 1193, 3: 11065}","(1, 1)",300.0,20.0,6.0,0.1,0.4,0.1,3.0,
population,1894,5,3,greedy_random,7.0,29.33,32.625,8.852,13.196,0.6981929764745993,0.5955249042145594,0.1026680722600399,3,{0: 3},topk,0.01,5.0,"(1, 0)","[1, 1, 1, 1, 1]",,,,,,,,,,,,,,,,,,,,,
population,1894,5,3,greedy_probability,,29.33,32.625,1.03,1.033,0.9648823729969316,0.968337164750958,-0.0034547917540264,3,{0: 3},topk,0.0,5.0,"(3, 2)",[5],,,,,,,,,,,,,,,,,,,,,
population,1894,5,3,greedy_degree,,29.33,32.625,1.03,1.033,0.9648823729969316,0.968337164750958,-0.0034547917540264,3,{0: 3},topk,0.0,5.0,"(1, 0)","[2, 1, 1, 1]",,,,,,,,,,,,,,,,,,,,,
population,1894,5,3,greedy_bridge,,29.33,32.625,21.466,20.4105,0.2681213774292532,0.3743908045977011,-0.1062694271684479,3,{0: 3},topk,0.02,5.0,"(1, 2)","[3, 2]",,,,,,,,,,,,,,,,,,,,,
population,1894,5,3,greedy_betweenness,,29.33,32.625,1.03,1.033,0.9648823729969316,0.968337164750958,-0.0034547917540264,3,{0: 3},topk,0.0,5.0,"(1, 2)","[3, 1, 1]",,,,,,,,,,,,,,,,,,,,,
population,1894,5,3,greedy_spectral,,29.33,32.625,1.03,1.033,0.9648823729969316,0.968337164750958,-0.0034547917540264,3,{0: 3},topk,0.0,5.0,"(1, 0)","[2, 1, 1, 1]",,,,,,,,,,,,,,,,,,,,,
population,1894,5,3,alns,7.0,29.33,32.625,1.03,1.033,0.9648823729969316,0.968337164750958,-0.0034547917540264,3,{0: 3},max_iter,1.26,,,,300.0,181.0,"{0: 0.5011106918705746, 1: 0.31137856397030267, 2: 0.3609449476227181, 3: 0.24706935851357886}","{'random': 0.6430920545672372, 'probability': 0.3317134905969346, 'degree': 0.25418658283290013, 'bridge': 0.25418658283290013, 'betweenness': 0.3685705451077051, 'spectral': 0.2058911320946491}","{'random': 0.2777896226673838, 'worst': 0.5353169434460876, 'related': 0.3736542767643631}","{'random': 1, 'probability': 0, 'degree': 0, 'bridge': 0, 'betweenness': 1, 'spectral': 0}",{0: 2},"{0: 2, 1: 0, 2: 0, 3: 0}","{0: 117, 1: 61, 2: 62, 3: 60}","{'random': 10, 'probability': 9, 'degree': 7, 'bridge': 2, 'betweenness': 17, 'spectral': 14}","{0: 0, 1: 0, 2: 0, 3: 0}","{0: 5, 1: 198, 2: 4181, 3: 13830}","(1, 1)",300.0,20.0,6.0,0.1,0.4,0.1,3.0,
population,1449,6,3,greedy_random,7.0,43.596,45.786,16.478,14.9195,0.6220295439948618,0.6741471192067445,-0.0521175752118827,3,{0: 3},topk,0.01,6.0,"(1, 0)","[1, 1, 1, 1, 1, 1]",,,,,,,,,,,,,,,,,,,,,
population,1449,6,3,greedy_probability,,43.596,45.786,1.046,2.7145,0.9760069731167996,0.940713318481632,0.0352936546351677,3,{0: 3},topk,0.0,6.0,"(2, 3)","[5, 1]",,,,,,,,,,,,,,,,,,,,,
population,1449,6,3,greedy_degree,,43.596,45.786,1.046,2.7145,0.9760069731167996,0.940713318481632,0.0352936546351677,3,{0: 3},topk,0.0,6.0,"(1, 0)","[1, 1, 1, 1, 1, 1]",,,,,,,,,,,,,,,,,,,,,
population,1449,6,3,greedy_bridge,,43.596,45.786,1.046,2.7145,0.9760069731167996,0.940713318481632,0.0352936546351677,3,{0: 3},topk,0.0,6.0,"(3, 3)",[6],,,,,,,,,,,,,,,,,,,,,
population,1449,6,3,greedy_betweenness,,43.596,45.786,1.046,2.7145,0.9760069731167996,0.940713318481632,0.0352936546351677,3,{0: 3},topk,0.0,6.0,"(1, 0)","[1, 1, 1, 1, 1, 1]",,,,,,,,,,,,,,,,,,,,,
population,1449,6,3,greedy_spectral,,43.596,45.786,1.046,2.7145,0.9760069731167996,0.940713318481632,0.0352936546351677,3,{0: 3},topk,0.0,6.0,"(1, 0)","[1, 1, 1, 1, 1, 1]",,,,,,,,,,,,,,,,,,,,,
population,1449,6,3,alns,7.0,43.596,45.786,1.046,2.7145,0.9760069731167996,0.940713318481632,0.0352936546351677,3,{0: 3},max_iter,1.4,,,,300.0,175.0,"{0: 0.6009557402591679, 1: 0.2430659198339607, 2: 0.32485045286044634, 3: 0.2058911320946491}","{'random': 0.39398920339099514, 'probability': 0.4346590566442591, 'degree': 0.3545902830518956, 'bridge': 0.28242953648100017, 'betweenness': 0.22876792454961012, 'spectral': 0.7091805661037912}","{'random': 0.2058911320946491, 'worst': 0.4066985325326402, 'related': 0.3746074764499865}","{'random': 0, 'probability': 0, 'degree': 0, 'bridge': 0, 'betweenness': 0, 'spectral': 2}",{0: 2},"{0: 2, 1: 0, 2: 0, 3: 0}","{0: 129, 1: 56, 2: 69, 3: 46}","{'random': 5, 'probability': 9, 'degree': 21, 'bridge': 5, 'betweenness': 12, 'spectral': 33}","{0: 0, 1: 0, 2: 0, 3: 0}","{0: 6, 1: 211, 2: 4733, 3: 13632}","(1, 1)",300.0,20.0,6.0,0.1,0.4,0.1,3.0,
population,421,11,5,greedy_random,7.0,60.234,76.04,48.582,57.6565,0.1934455623070027,0.2417609153077328,-0.04831535300073,5,{0: 5},topk,0.05,11.0,"(1, 0)","[1, 1, 1, 1, 1, 1, 1, 1, 1, 1, 1]",,,,,,,,,,,,,,,,,,,,,
population,421,11,5,greedy_probability,,60.234,76.04,26.734,30.6465,0.5561642925922237,0.5969687006838507,-0.040804408091627,5,{0: 5},topk,0.03,11.0,"(1, 6)","[7, 4]",,,,,,,,,,,,,,,,,,,,,
population,421,11,5,greedy_degree,,60.234,76.04,17.864,20.7265,0.7034233157352989,0.7274263545502367,-0.0240030388149378,5,{0: 5},topk,0.02,11.0,"(1, 0)","[1, 1, 1, 1, 1, 1, 1, 1, 1, 1, 1]",,,,,,,,,,,,,,,,,,,,,
population,421,11,5,greedy_bridge,,60.234,76.04,35.664,48.8575,0.4079091542982368,0.3574763282482904,0.0504328260499463,5,{0: 5},topk,0.04,11.0,"(5, 1)","[6, 5]",,,,,,,,,,,,,,,,,,,,,
population,421,11,5,greedy_betweenness,,60.234,76.04,10.146,11.823,0.8315569279808745,0.8445160441872699,-0.0129591162063953,5,{0: 5},topk,0.01,11.0,"(1, 0)","[1, 1, 1, 1, 1, 1, 1, 1, 1, 1, 1]",,,,,,,,,,,,,,,,,,,,,
population,421,11,5,greedy_spectral,,60.234,76.04,8.88,11.8005,0.852574957665106,0.8448119410836402,0.0077630165814658,5,{0: 5},topk,0.01,11.0,"(1, 0)","[1, 1, 1, 1, 1, 1, 1, 1, 1, 1, 1]",,,,,,,,,,,,,,,,,,,,,
population,421,11,5,alns,7.0,60.234,76.04,6.272,10.5135,0.8958727628913903,0.8617372435560231,0.0341355193353671,5,{0: 5},max_iter,1.71,,,,300.0,193.0,"{0: 0.9198967210185576, 1: 0.40701234312873025, 2: 0.2058911320946491, 3: 0.3050238993994802}","{'random': 0.33891544377720023, 'probability': 0.28525383184581016, 'degree': 0.5090086321228824, 'bridge': 0.31381059609000017, 'betweenness': 1.1425332408591427, 'spectral': 0.6709958686211343}","{'random': 0.5035907635019788, 'worst': 0.38604082929288686, 'related': 0.6942293798749866}","{'random': 0, 'probability': 0, 'degree': 1, 'bridge': 0, 'betweenness': 1, 'spectral': 3}",{0: 5},"{0: 5, 1: 0, 2: 0, 3: 0}","{0: 150, 1: 58, 2: 41, 3: 51}","{'random': 3, 'probability': 1, 'degree': 4, 'bridge': 0, 'betweenness': 9, 'spectral': 18}","{0: 0, 1: 0, 2: 0, 3: 0}","{0: 11, 1: 245, 2: 5870, 3: 13724}","(1, 2)",300.0,20.0,6.0,0.1,0.4,0.1,3.0,
population,3663,6,3,greedy_random,7.0,61.752,60.7955,34.866,31.213,0.4353867081228139,0.4865902903997828,-0.0512035822769689,3,{0: 3},topk,0.03,6.0,"(1, 0)","[1, 1, 1, 1, 1, 1]",,,,,,,,,,,,,,,,,,,,,
population,3663,6,3,greedy_probability,,61.752,60.7955,24.216,34.8635,0.6078507578701904,0.4265447278170259,0.1813060300531644,3,{0: 3},topk,0.03,6.0,"(3, 3)",[6],,,,,,,,,,,,,,,,,,,,,
population,3663,6,3,greedy_degree,,61.752,60.7955,24.216,34.8635,0.6078507578701904,0.4265447278170259,0.1813060300531644,3,{0: 3},topk,0.0,6.0,"(1, 0)","[1, 1, 1, 1, 1, 1]",,,,,,,,,,,,,,,,,,,,,
population,3663,6,3,greedy_bridge,,61.752,60.7955,24.216,34.8635,0.6078507578701904,0.4265447278170259,0.1813060300531644,3,{0: 3},topk,0.0,6.0,"(3, 3)",[6],,,,,,,,,,,,,,,,,,,,,
population,3663,6,3,greedy_betweenness,,61.752,60.7955,24.216,34.8635,0.6078507578701904,0.4265447278170259,0.1813060300531644,3,{0: 3},topk,0.0,6.0,"(1, 0)","[1, 1, 1, 1, 1, 1]",,,,,,,,,,,,,,,,,,,,,
population,3663,6,3,greedy_spectral,,61.752,60.7955,24.216,34.8635,0.6078507578701904,0.4265447278170259,0.1813060300531644,3,{0: 3},topk,0.0,6.0,"(1, 0)","[1, 1, 1, 1, 1, 1]",,,,,,,,,,,,,,,,,,,,,
population,3663,6,3,alns,7.0,61.752,60.7955,24.216,34.8635,0.6078507578701904,0.4265447278170259,0.1813060300531644,3,{0: 3},max_iter,2.23,,,,300.0,190.0,"{0: 0.3614509672089132, 1: 0.2058911320946491, 2: 0.2058911320946491, 3: 0.2058911320946491}","{'random': 0.2058911320946491, 'probability': 0.2793228115797091, 'degree': 0.2058911320946491, 'bridge': 0.22876792454961012, 'betweenness': 0.22876792454961012, 'spectral': 0.45753584909922024}","{'random': 0.2058911320946491, 'worst': 0.2058911320946491, 'related': 0.3231507405590788}","{'random': 0, 'probability': 0, 'degree': 0, 'bridge': 0, 'betweenness': 0, 'spectral': 1}",{0: 1},"{0: 1, 1: 0, 2: 0, 3: 0}","{0: 111, 1: 62, 2: 58, 3: 69}","{'random': 1, 'probability': 6, 'degree': 9, 'bridge': 5, 'betweenness': 9, 'spectral': 25}","{0: 0, 1: 0, 2: 0, 3: 0}","{0: 6, 1: 595, 2: 8095, 3: 10709}","(1, 1)",300.0,20.0,6.0,0.1,0.4,0.1,3.0,
population,340,16,5,greedy_random,7.0,150.816,155.946,104.522,113.1565,0.3069568215573944,0.2743866466597412,0.0325701748976532,5,{0: 5},topk,0.1,16.0,"(1, 0)","[1, 1, 1, 1, 1, 1, 1, 1, 1, 1, 1, 1, 1, 1, 1, 1]",,,,,,,,,,,,,,,,,,,,,
population,340,16,5,greedy_probability,,150.816,155.946,43.85,47.539,0.7092483556121366,0.6951572980390648,0.0140910575730718,5,{0: 5},topk,0.04,16.0,"(4, 4)","[8, 7, 1]",,,,,,,,,,,,,,,,,,,,,
population,340,16,5,greedy_degree,,150.816,155.946,59.49,69.955,0.6055458306810948,0.5514152334782553,0.0541305972028395,5,{0: 5},topk,0.06,16.0,"(1, 0)","[3, 1, 1, 1, 1, 1, 1, 1, 1, 1, 1, 1, 1, 1]",,,,,,,,,,,,,,,,,,,,,
population,340,16,5,greedy_bridge,,150.816,155.946,136.384,141.5525,0.0956927646934013,0.0922979749400433,0.003394789753358,5,{0: 5},topk,0.12,16.0,"(5, 1)","[10, 6]",,,,,,,,,,,,,,,,,,,,,
population,340,16,5,greedy_betweenness,,150.816,155.946,38.658,46.4325,0.7436744112030553,0.7022527028586818,0.0414217083443735,5,{0: 5},topk,0.04,16.0,"(1, 0)","[1, 1, 1, 1, 1, 1, 1, 1, 1, 1, 1, 1, 1, 1, 1, 1]",,,,,,,,,,,,,,,,,,,,,
population,340,16,5,greedy_spectral,,150.816,155.946,38.658,46.4325,0.7436744112030553,0.7022527028586818,0.0414217083443735,5,{0: 5},topk,0.0,16.0,"(1, 0)","[1, 1, 1, 1, 1, 1, 1, 1, 1, 1, 1, 1, 1, 1, 1, 1]",,,,,,,,,,,,,,,,,,,,,
population,340,16,5,alns,7.0,150.816,155.946,38.658,46.4325,0.7436744112030553,0.7022527028586818,0.0414217083443735,5,{0: 5},max_iter,4.24,,,,300.0,224.0,"{0: 1.017451685155541, 1: 0.5288273403189465, 2: 0.48512876651256237, 3: 0.37986191525961016}","{'random': 0.4907997722847601, 'probability': 0.6632990778830332, 'degree': 0.46261958075587806, 'bridge': 0.6696639667911578, 'betweenness': 0.34208841758211006, 'spectral': 0.8286027658006888}","{'random': 0.4926922915719493, 'worst': 0.8431386375026639, 'related': 0.3050238993994802}","{'random': 0, 'probability': 2, 'degree': 1, 'bridge': 0, 'betweenness': 0, 'spectral': 2}",{0: 5},"{0: 5, 1: 0, 2: 0, 3: 0}","{0: 134, 1: 61, 2: 66, 3: 39}","{'random': 1, 'probability': 0, 'degree': 8, 'bridge': 0, 'betweenness': 8, 'spectral': 20}","{0: 0, 1: 0, 2: 0, 3: 0}","{0: 16, 1: 520, 2: 7355, 3: 12274}","(1, 2)",300.0,20.0,6.0,0.1,0.4,0.1,3.0,
population,274,11,5,greedy_random,7.0,181.678,162.3335,115.402,95.5045,0.364799260229637,0.4116771954032902,-0.0468779351736531,5,{0: 5},topk,0.09,11.0,"(1, 0)","[1, 1, 1, 1, 1, 1, 1, 1, 1, 1, 1]",,,,,,,,,,,,,,,,,,,,,
population,274,11,5,greedy_probability,,181.678,162.3335,14.338,9.652,0.9210801527978072,0.9405421555008672,-0.0194620027030599,5,{0: 5},topk,0.01,11.0,"(1, 0)","[6, 4, 1]",,,,,,,,,,,,,,,,,,,,,
population,274,11,5,greedy_degree,,181.678,162.3335,22.208,12.973,0.877761754312575,0.9200842709607074,-0.0423225166481324,5,{0: 5},topk,0.01,11.0,"(2, 0)","[3, 2, 2, 1, 1, 1, 1]",,,,,,,,,,,,,,,,,,,,,
population,274,11,5,greedy_bridge,,181.678,162.3335,173.696,154.015,0.0439348737876903,0.0512432738775422,-0.0073084000898518,5,{0: 5},topk,0.14,11.0,"(5, 2)","[7, 4]",,,,,,,,,,,,,,,,,,,,,
population,274,11,5,greedy_betweenness,,181.678,162.3335,14.338,9.652,0.9210801527978072,0.9405421555008672,-0.0194620027030599,5,{0: 5},topk,0.0,11.0,"(1, 0)","[1, 1, 1, 1, 1, 1, 1, 1, 1, 1, 1]",,,,,,,,,,,,,,,,,,,,,
population,274,11,5,greedy_spectral,,181.678,162.3335,14.338,9.652,0.9210801527978072,0.9405421555008672,-0.0194620027030599,5,{0: 5},topk,0.0,11.0,"(1, 0)","[1, 1, 1, 1, 1, 1, 1, 1, 1, 1, 1]",,,,,,,,,,,,,,,,,,,,,
population,274,11,5,alns,7.0,181.678,162.3335,3.866,4.4675,0.9787205935776484,0.9724794943742358,0.0062410992034126,5,{0: 5},max_iter,4.31,,,,300.0,258.0,"{0: 1.5463516359707954, 1: 0.3511540570247101, 2: 0.6237780178263098, 3: 0.9069500303006491}","{'random': 1.44847713238835, 'probability': 0.4031071445996101, 'degree': 0.7988133552842575, 'bridge': 1.5584182921775638, 'betweenness': 0.4934148605855102, 'spectral': 1.0777608742078195}","{'random': 0.35510807053544413, 'worst': 1.6188624150995223, 'related': 0.4860421794976098}","{'random': 2, 'probability': 0, 'degree': 0, 'bridge': 2, 'betweenness': 0, 'spectral': 1}",{0: 5},"{0: 5, 1: 0, 2: 0, 3: 0}","{0: 107, 1: 47, 2: 70, 3: 76}","{'random': 7, 'probability': 5, 'degree': 2, 'bridge': 1, 'betweenness': 9, 'spectral': 8}","{0: 0, 1: 0, 2: 0, 3: 0}","{0: 11, 1: 78, 2: 751, 3: 8888}","(1, 2)",300.0,20.0,6.0,0.1,0.4,0.1,3.0,
population,201,25,10,greedy_random,7.0,203.966,197.1685,141.704,140.4565,0.3052567584793544,0.2876321521946964,0.017624606284658,10,{0: 10},topk,0.12,25.0,"(1, 0)","[1, 1, 1, 1, 1, 1, 1, 1, 1, 1, 1, 1, 1, 1, 1, 1, 1, 1, 1, 1, 1, 1, 1, 1, 1]",,,,,,,,,,,,,,,,,,,,,
population,201,25,10,greedy_probability,,203.966,197.1685,59.322,61.2605,0.7091574085877058,0.6892987470108054,0.0198586615769004,10,{0: 10},topk,0.05,25.0,"(1, 15)","[16, 8, 1]",,,,,,,,,,,,,,,,,,,,,
population,201,25,10,greedy_degree,,203.966,197.1685,87.912,91.293,0.5689869880274163,0.5369797913966987,0.0320071966307176,10,{0: 10},topk,0.08,25.0,"(2, 0)","[2, 2, 2, 2, 2, 2, 2, 1, 1, 1, 1, 1, 1, 1, 1, 1, 1, 1]",,,,,,,,,,,,,,,,,,,,,
population,201,25,10,greedy_bridge,,203.966,197.1685,153.066,161.8535,0.2495513958208721,0.1791107605930967,0.0704406352277754,10,{0: 10},topk,0.14,25.0,"(10, 1)","[14, 11]",,,,,,,,,,,,,,,,,,,,,
population,201,25,10,greedy_betweenness,,203.966,197.1685,93.604,98.625,0.5410803761411216,0.4997933239843078,0.0412870521568137,10,{0: 10},topk,0.08,25.0,"(1, 0)","[3, 1, 1, 1, 1, 1, 1, 1, 1, 1, 1, 1, 1, 1, 1, 1, 1, 1, 1, 1, 1, 1, 1]",,,,,,,,,,,,,,,,,,,,,
population,201,25,10,greedy_spectral,,203.966,197.1685,93.604,98.625,0.5410803761411216,0.4997933239843078,0.0412870521568137,10,{0: 10},topk,0.0,25.0,"(1, 0)","[2, 1, 1, 1, 1, 1, 1, 1, 1, 1, 1, 1, 1, 1, 1, 1, 1, 1, 1, 1, 1, 1, 1, 1]",,,,,,,,,,,,,,,,,,,,,
population,201,25,10,alns,7.0,203.966,197.1685,32.348,40.0785,0.8414049400390261,0.796729700738201,0.044675239300825,10,{0: 10},max_iter,5.53,,,,300.0,266.0,"{0: 2.0762590890901653, 1: 0.8311848956869818, 2: 0.45816347029140014, 3: 0.8258490695181316}","{'random': 0.4876616663238602, 'probability': 0.9973999080826519, 'degree': 0.5273223322500001, 'bridge': 1.135655442402023, 'betweenness': 1.3695635845155874, 'spectral': 2.3313570567922444}","{'random': 0.8957252749494917, 'worst': 1.6122897199766397, 'related': 0.8624613517639516}","{'random': 1, 'probability': 3, 'degree': 0, 'bridge': 3, 'betweenness': 4, 'spectral': 3}","{1: 2, 0: 11, 3: 1}","{0: 11, 1: 2, 2: 0, 3: 1}","{0: 126, 1: 73, 2: 30, 3: 71}","{'random': 1, 'probability': 1, 'degree': 3, 'bridge': 0, 'betweenness': 5, 'spectral': 10}","{0: 0, 1: 0, 2: 0, 3: 0}","{0: 25, 1: 640, 2: 8443, 3: 11377}","(1, 4)",300.0,20.0,6.0,0.1,0.4,0.1,3.0,
population,145,35,10,greedy_random,7.0,301.714,266.5705,262.868,228.1585,0.1287510688930576,0.1440969649679915,-0.0153458960749338,10,{0: 10},topk,0.2,35.0,"(1, 0)","[1, 1, 1, 1, 1, 1, 1, 1, 1, 1, 1, 1, 1, 1, 1, 1, 1, 1, 1, 1, 1, 1, 1, 1, 1, 1, 1, 1, 1, 1, 1, 1, 1, 1, 1]",,,,,,,,,,,,,,,,,,,,,
population,145,35,10,greedy_probability,,301.714,266.5705,147.026,132.6415,0.5126974552059235,0.502414933385352,0.0102825218205714,10,{0: 10},topk,0.12,35.0,"(7, 3)","[22, 10, 3]",,,,,,,,,,,,,,,,,,,,,
population,145,35,10,greedy_degree,,301.714,266.5705,193.774,177.698,0.3577560206022923,0.3333921045276952,0.024363916074597,10,{0: 10},topk,0.17,35.0,"(1, 0)","[6, 5, 2, 1, 1, 1, 1, 1, 1, 1, 1, 1, 1, 1, 1, 1, 1, 1, 1, 1, 1, 1, 1, 1, 1]",,,,,,,,,,,,,,,,,,,,,
population,145,35,10,greedy_bridge,,301.714,266.5705,298.562,261.878,0.0104469795899427,0.0176032231623528,-0.00715624357241,10,{0: 10},topk,0.23,35.0,"(10, 3)","[22, 13]",,,,,,,,,,,,,,,,,,,,,
population,145,35,10,greedy_betweenness,,301.714,266.5705,181.982,162.689,0.396839390946393,0.3896961591774033,0.0071432317689896,10,{0: 10},topk,0.15,35.0,"(1, 0)","[6, 1, 1, 1, 1, 1, 1, 1, 1, 1, 1, 1, 1, 1, 1, 1, 1, 1, 1, 1, 1, 1, 1, 1, 1, 1, 1, 1, 1, 1]",,,,,,,,,,,,,,,,,,,,,
population,145,35,10,greedy_spectral,,301.714,266.5705,178.272,165.3455,0.4091358041058751,0.3797306903802183,0.0294051137256567,10,{0: 10},topk,0.14,35.0,"(1, 0)","[5, 1, 1, 1, 1, 1, 1, 1, 1, 1, 1, 1, 1, 1, 1, 1, 1, 1, 1, 1, 1, 1, 1, 1, 1, 1, 1, 1, 1, 1, 1]",,,,,,,,,,,,,,,,,,,,,
population,145,35,10,alns,7.0,301.714,266.5705,96.768,100.2205,0.6792724235534313,0.6240375435391388,0.0552348800142925,10,{0: 10},max_iter,10.8,,,,300.0,294.0,"{0: 2.596135249667759, 1: 0.583366101293969, 2: 0.5676833683268103, 3: 1.1655942056351363}","{'random': 1.9599109948504314, 'probability': 1.0436340881091783, 'degree': 1.2400916087807752, 'bridge': 1.509797339507858, 'betweenness': 1.4686919933399172, 'spectral': 1.4606495409874505}","{'random': 0.6341215545275788, 'worst': 2.157347390037825, 'related': 1.0637198664641943}","{'random': 4, 'probability': 2, 'degree': 3, 'bridge': 2, 'betweenness': 4, 'spectral': 0}","{0: 14, 3: 1}","{0: 14, 1: 0, 2: 0, 3: 1}","{0: 139, 1: 51, 2: 39, 3: 71}","{'random': 0, 'probability': 0, 'degree': 2, 'bridge': 1, 'betweenness': 2, 'spectral': 1}","{0: 0, 1: 0, 2: 0, 3: 0}","{0: 35, 1: 2041, 2: 13592, 3: 6065}","(1, 4)",300.0,20.0,6.0,0.1,0.4,0.1,3.0,
k-sweep,145,35,3,greedy_random,7.0,301.714,266.5705,301.666,265.5645,0.0001590910597453,0.0037738609486044,-0.0036147698888591,3,{0: 3},topk,0.24,35.0,"(1, 0)","[1, 1, 1, 1, 1, 1, 1, 1, 1, 1, 1, 1, 1, 1, 1, 1, 1, 1, 1, 1, 1, 1, 1, 1, 1, 1, 1, 1, 1, 1, 1, 1, 1, 1, 1]",,,,,,,,,,,,,,,,,,,,,
k-sweep,145,35,3,greedy_probability,,301.714,266.5705,257.732,225.1495,0.145773812285807,0.1553847856383208,-0.0096109733525138,3,{0: 3},topk,0.2,35.0,"(3, 0)","[22, 10, 3]",,,,,,,,,,,,,,,,,,,,,
k-sweep,145,35,3,greedy_degree,,301.714,266.5705,277.51,237.8965,0.0802216668765785,0.1075662910937256,-0.0273446242171471,3,{0: 3},topk,0.21,35.0,"(1, 0)","[6, 5, 2, 1, 1, 1, 1, 1, 1, 1, 1, 1, 1, 1, 1, 1, 1, 1, 1, 1, 1, 1, 1, 1, 1]",,,,,,,,,,,,,,,,,,,,,
k-sweep,145,35,3,greedy_bridge,,301.714,266.5705,298.816,263.0965,0.0096051227321238,0.0130321997370301,-0.0034270770049062,3,{0: 3},topk,0.23,35.0,"(3, 10)","[22, 13]",,,,,,,,,,,,,,,,,,,,,
k-sweep,145,35,3,greedy_betweenness,,301.714,266.5705,271.07,238.4425,0.1015663840590758,0.1055180524476638,-0.003951668388588,3,{0: 3},topk,0.21,35.0,"(1, 0)","[6, 1, 1, 1, 1, 1, 1, 1, 1, 1, 1, 1, 1, 1, 1, 1, 1, 1, 1, 1, 1, 1, 1, 1, 1, 1, 1, 1, 1, 1]",,,,,,,,,,,,,,,,,,,,,
k-sweep,145,35,3,greedy_spectral,,301.714,266.5705,271.07,238.4425,0.1015663840590758,0.1055180524476638,-0.003951668388588,3,{0: 3},topk,0.0,35.0,"(1, 0)","[5, 1, 1, 1, 1, 1, 1, 1, 1, 1, 1, 1, 1, 1, 1, 1, 1, 1, 1, 1, 1, 1, 1, 1, 1, 1, 1, 1, 1, 1, 1]",,,,,,,,,,,,,,,,,,,,,
k-sweep,145,35,3,alns,7.0,301.714,266.5705,201.276,187.839,0.3328914137229296,0.2953496354622885,0.037541778260641,3,{0: 3},max_iter,12.5,,,,300.0,246.0,"{0: 0.8988824536825607, 1: 0.3515440787655648, 2: 0.4112061975950471, 3: 0.43253211815964926}","{'random': 0.9548725365472198, 'probability': 0.5172461602702451, 'degree': 0.6599515288421725, 'bridge': 0.5526901954025103, 'betweenness': 0.5392625886742592, 'spectral': 0.5977533970010342}","{'random': 0.3612399295830428, 'worst': 0.7030470747468941, 'related': 0.6148754102923449}","{'random': 1, 'probability': 1, 'degree': 0, 'bridge': 0, 'betweenness': 0, 'spectral': 0}",{0: 2},"{0: 2, 1: 0, 2: 0, 3: 0}","{0: 111, 1: 63, 2: 68, 3: 58}","{'random': 2, 'probability': 4, 'degree': 6, 'bridge': 0, 'betweenness': 8, 'spectral': 1}","{0: 0, 1: 0, 2: 0, 3: 0}","{0: 35, 1: 2041, 2: 13592, 3: 6065}","(1, 1)",300.0,20.0,6.0,0.1,0.4,0.1,3.0,
k-sweep,145,35,5,greedy_random,7.0,301.714,266.5705,291.412,253.726,0.0341449186978397,0.0481842514456775,-0.0140393327478377,5,{0: 5},topk,0.22,35.0,"(1, 0)","[1, 1, 1, 1, 1, 1, 1, 1, 1, 1, 1, 1, 1, 1, 1, 1, 1, 1, 1, 1, 1, 1, 1, 1, 1, 1, 1, 1, 1, 1, 1, 1, 1, 1, 1]",,,,,,,,,,,,,,,,,,,,,
k-sweep,145,35,5,greedy_probability,,301.714,266.5705,203.742,185.892,0.3247181105285137,0.3026535194254427,0.022064591103071,5,{0: 5},topk,0.16,35.0,"(2, 8)","[22, 10, 3]",,,,,,,,,,,,,,,,,,,,,
k-sweep,145,35,5,greedy_degree,,301.714,266.5705,255.52,226.355,0.1531052586224039,0.150862529799809,0.0022427288225949,5,{0: 5},topk,0.2,35.0,"(1, 0)","[6, 5, 2, 1, 1, 1, 1, 1, 1, 1, 1, 1, 1, 1, 1, 1, 1, 1, 1, 1, 1, 1, 1, 1, 1]",,,,,,,,,,,,,,,,,,,,,
k-sweep,145,35,5,greedy_bridge,,301.714,266.5705,298.786,262.1035,0.0097045546444646,0.0167572930988236,-0.007052738454359,5,{0: 5},topk,0.23,35.0,"(5, 8)","[22, 13]",,,,,,,,,,,,,,,,,,,,,
k-sweep,145,35,5,greedy_betweenness,,301.714,266.5705,251.478,225.6665,0.1665020516117912,0.1534453362243758,0.0130567153874153,5,{0: 5},topk,0.2,35.0,"(1, 0)","[6, 1, 1, 1, 1, 1, 1, 1, 1, 1, 1, 1, 1, 1, 1, 1, 1, 1, 1, 1, 1, 1, 1, 1, 1, 1, 1, 1, 1, 1]",,,,,,,,,,,,,,,,,,,,,
k-sweep,145,35,5,greedy_spectral,,301.714,266.5705,258.318,224.9745,0.143831575598083,0.1560412723838533,-0.0122096967857703,5,{0: 5},topk,0.2,35.0,"(1, 0)","[5, 1, 1, 1, 1, 1, 1, 1, 1, 1, 1, 1, 1, 1, 1, 1, 1, 1, 1, 1, 1, 1, 1, 1, 1, 1, 1, 1, 1, 1, 1]",,,,,,,,,,,,,,,,,,,,,
k-sweep,145,35,5,alns,7.0,301.714,266.5705,173.04,160.5785,0.4264767296181152,0.3976133893285266,0.0288633402895885,5,{0: 5},max_iter,15.36,,,,300.0,282.0,"{0: 2.721563077874534, 1: 0.9047506154867823, 2: 0.7441464613578922, 3: 0.7682730937957674}","{'random': 1.669072057729707, 'probability': 1.4865957659202438, 'degree': 1.0032434100602876, 'bridge': 0.7418714943861004, 'betweenness': 2.5481744404371005, 'spectral': 1.3994248070979862}","{'random': 0.9286571381207226, 'worst': 2.0287769253151087, 'related': 1.357065462630086}","{'random': 2, 'probability': 1, 'degree': 0, 'bridge': 0, 'betweenness': 3, 'spectral': 1}",{0: 7},"{0: 7, 1: 0, 2: 0, 3: 0}","{0: 128, 1: 48, 2: 53, 3: 71}","{'random': 2, 'probability': 1, 'degree': 5, 'bridge': 2, 'betweenness': 1, 'spectral': 4}","{0: 0, 1: 0, 2: 0, 3: 0}","{0: 35, 1: 2041, 2: 13592, 3: 6065}","(1, 2)",300.0,20.0,6.0,0.1,0.4,0.1,3.0,
k-sweep,145,35,10,greedy_random,7.0,301.714,266.5705,262.868,228.1585,0.1287510688930576,0.1440969649679915,-0.0153458960749338,10,{0: 10},topk,0.0,35.0,"(1, 0)","[1, 1, 1, 1, 1, 1, 1, 1, 1, 1, 1, 1, 1, 1, 1, 1, 1, 1, 1, 1, 1, 1, 1, 1, 1, 1, 1, 1, 1, 1, 1, 1, 1, 1, 1]",,,,,,,,,,,,,,,,,,,,,
k-sweep,145,35,10,greedy_probability,,301.714,266.5705,147.026,132.6415,0.5126974552059235,0.502414933385352,0.0102825218205714,10,{0: 10},topk,0.0,35.0,"(7, 3)","[22, 10, 3]",,,,,,,,,,,,,,,,,,,,,
k-sweep,145,35,10,greedy_degree,,301.714,266.5705,193.774,177.698,0.3577560206022923,0.3333921045276952,0.024363916074597,10,{0: 10},topk,0.0,35.0,"(1, 0)","[6, 5, 2, 1, 1, 1, 1, 1, 1, 1, 1, 1, 1, 1, 1, 1, 1, 1, 1, 1, 1, 1, 1, 1, 1]",,,,,,,,,,,,,,,,,,,,,
k-sweep,145,35,10,greedy_bridge,,301.714,266.5705,298.562,261.878,0.0104469795899427,0.0176032231623528,-0.00715624357241,10,{0: 10},topk,0.0,35.0,"(10, 3)","[22, 13]",,,,,,,,,,,,,,,,,,,,,
k-sweep,145,35,10,greedy_betweenness,,301.714,266.5705,181.982,162.689,0.396839390946393,0.3896961591774033,0.0071432317689896,10,{0: 10},topk,0.0,35.0,"(1, 0)","[6, 1, 1, 1, 1, 1, 1, 1, 1, 1, 1, 1, 1, 1, 1, 1, 1, 1, 1, 1, 1, 1, 1, 1, 1, 1, 1, 1, 1, 1]",,,,,,,,,,,,,,,,,,,,,
k-sweep,145,35,10,greedy_spectral,,301.714,266.5705,178.272,165.3455,0.4091358041058751,0.3797306903802183,0.0294051137256567,10,{0: 10},topk,0.0,35.0,"(1, 0)","[5, 1, 1, 1, 1, 1, 1, 1, 1, 1, 1, 1, 1, 1, 1, 1, 1, 1, 1, 1, 1, 1, 1, 1, 1, 1, 1, 1, 1, 1, 1]",,,,,,,,,,,,,,,,,,,,,
k-sweep,145,35,10,alns,7.0,301.714,266.5705,96.768,100.2205,0.6792724235534313,0.6240375435391388,0.0552348800142925,10,{0: 10},max_iter,1.7,,,,300.0,294.0,"{0: 2.596135249667759, 1: 0.583366101293969, 2: 0.5676833683268103, 3: 1.1655942056351363}","{'random': 1.9599109948504314, 'probability': 1.0436340881091783, 'degree': 1.2400916087807752, 'bridge': 1.509797339507858, 'betweenness': 1.4686919933399172, 'spectral': 1.4606495409874505}","{'random': 0.6341215545275788, 'worst': 2.157347390037825, 'related': 1.0637198664641943}","{'random': 4, 'probability': 2, 'degree': 3, 'bridge': 2, 'betweenness': 4, 'spectral': 0}","{0: 14, 3: 1}","{0: 14, 1: 0, 2: 0, 3: 1}","{0: 139, 1: 51, 2: 39, 3: 71}","{'random': 0, 'probability': 0, 'degree': 2, 'bridge': 1, 'betweenness': 2, 'spectral': 1}","{0: 0, 1: 0, 2: 0, 3: 0}","{0: 35, 1: 2041, 2: 13592, 3: 6065}","(1, 4)",300.0,20.0,6.0,0.1,0.4,0.1,3.0,
k-sweep,145,35,15,greedy_random,7.0,301.714,266.5705,233.238,204.0165,0.2269566543150135,0.2346621250288384,-0.0077054707138248,15,{0: 15},topk,0.29,35.0,"(1, 0)","[1, 1, 1, 1, 1, 1, 1, 1, 1, 1, 1, 1, 1, 1, 1, 1, 1, 1, 1, 1, 1, 1, 1, 1, 1, 1, 1, 1, 1, 1, 1, 1, 1, 1, 1]",,,,,,,,,,,,,,,,,,,,,
k-sweep,145,35,15,greedy_probability,,301.714,266.5705,102.5,90.0505,0.6602742995021775,0.6621888018366624,-0.0019145023344848,15,{0: 15},topk,0.13,35.0,"(2, 20)","[22, 10, 3]",,,,,,,,,,,,,,,,,,,,,
k-sweep,145,35,15,greedy_degree,,301.714,266.5705,68.884,65.761,0.7716910716771512,0.7533072864401724,0.0183837852369788,15,{0: 15},topk,0.09,35.0,"(1, 0)","[6, 5, 2, 1, 1, 1, 1, 1, 1, 1, 1, 1, 1, 1, 1, 1, 1, 1, 1, 1, 1, 1, 1, 1, 1]",,,,,,,,,,,,,,,,,,,,,
k-sweep,145,35,15,greedy_bridge,,301.714,266.5705,276.824,239.536,0.0824953432721052,0.1014159481262929,-0.0189206048541876,15,{0: 15},topk,0.34,35.0,"(2, 20)","[22, 13]",,,,,,,,,,,,,,,,,,,,,
k-sweep,145,35,15,greedy_betweenness,,301.714,266.5705,68.884,65.761,0.7716910716771512,0.7533072864401724,0.0183837852369788,15,{0: 15},topk,0.0,35.0,"(1, 0)","[6, 1, 1, 1, 1, 1, 1, 1, 1, 1, 1, 1, 1, 1, 1, 1, 1, 1, 1, 1, 1, 1, 1, 1, 1, 1, 1, 1, 1, 1]",,,,,,,,,,,,,,,,,,,,,
k-sweep,145,35,15,greedy_spectral,,301.714,266.5705,44.404,48.227,0.8528275121472653,0.8190835069897082,0.033744005157557,15,{0: 15},topk,0.07,35.0,"(1, 0)","[5, 1, 1, 1, 1, 1, 1, 1, 1, 1, 1, 1, 1, 1, 1, 1, 1, 1, 1, 1, 1, 1, 1, 1, 1, 1, 1, 1, 1, 1, 1]",,,,,,,,,,,,,,,,,,,,,
k-sweep,145,35,15,alns,7.0,301.714,266.5705,41.578,45.9145,0.8621939982897711,0.8277585104128176,0.0344354878769535,15,{0: 15},max_iter,12.48,,,,300.0,282.0,"{0: 1.8876544070522878, 1: 0.43842478379733896, 2: 0.4019135820169115, 3: 0.28384168416340516}","{'random': 0.85543819313936, 'probability': 0.41234712326226014, 'degree': 0.8736094486109024, 'bridge': 0.38742048900000015, 'betweenness': 1.9296785409518957, 'spectral': 1.4326952644837156}","{'random': 0.7080723205277918, 'worst': 1.872042883827897, 'related': 0.35586121596606013}","{'random': 2, 'probability': 0, 'degree': 0, 'bridge': 0, 'betweenness': 2, 'spectral': 4}",{0: 8},"{0: 8, 1: 0, 2: 0, 3: 0}","{0: 155, 1: 48, 2: 55, 3: 42}","{'random': 0, 'probability': 0, 'degree': 3, 'bridge': 0, 'betweenness': 5, 'spectral': 9}","{0: 0, 1: 0, 2: 0, 3: 0}","{0: 35, 1: 2041, 2: 13592, 3: 6065}","(1, 6)",300.0,20.0,6.0,0.1,0.4,0.1,3.0,
k-sweep,145,35,20,greedy_random,7.0,301.714,266.5705,176.408,149.6875,0.4153138402593185,0.4384693730176444,-0.0231555327583259,20,{0: 20},topk,0.22,35.0,"(1, 0)","[1, 1, 1, 1, 1, 1, 1, 1, 1, 1, 1, 1, 1, 1, 1, 1, 1, 1, 1, 1, 1, 1, 1, 1, 1, 1, 1, 1, 1, 1, 1, 1, 1, 1, 1]",,,,,,,,,,,,,,,,,,,,,
k-sweep,145,35,20,greedy_probability,,301.714,266.5705,42.146,45.706,0.8603114207494514,0.8285406674782093,0.0317707532712421,20,{0: 20},topk,0.06,35.0,"(7, 15)","[22, 10, 3]",,,,,,,,,,,,,,,,,,,,,
k-sweep,145,35,20,greedy_degree,,301.714,266.5705,12.21,15.308,0.9595312116772838,0.9425742908536392,0.0169569208236447,20,{0: 20},topk,0.02,35.0,"(1, 0)","[6, 5, 2, 1, 1, 1, 1, 1, 1, 1, 1, 1, 1, 1, 1, 1, 1, 1, 1, 1, 1, 1, 1, 1, 1]",,,,,,,,,,,,,,,,,,,,,
k-sweep,145,35,20,greedy_bridge,,301.714,266.5705,209.914,190.89,0.3042616517629278,0.2839042579730315,0.0203573937898963,20,{0: 20},topk,0.25,35.0,"(7, 15)","[22, 13]",,,,,,,,,,,,,,,,,,,,,
k-sweep,145,35,20,greedy_betweenness,,301.714,266.5705,19.854,19.0915,0.9341959604128414,0.928381047415224,0.0058149129976172,20,{0: 20},topk,0.03,35.0,"(1, 0)","[6, 1, 1, 1, 1, 1, 1, 1, 1, 1, 1, 1, 1, 1, 1, 1, 1, 1, 1, 1, 1, 1, 1, 1, 1, 1, 1, 1, 1, 1]",,,,,,,,,,,,,,,,,,,,,
k-sweep,145,35,20,greedy_spectral,,301.714,266.5705,12.21,15.308,0.9595312116772838,0.9425742908536392,0.0169569208236447,20,{0: 20},topk,0.0,35.0,"(1, 0)","[5, 1, 1, 1, 1, 1, 1, 1, 1, 1, 1, 1, 1, 1, 1, 1, 1, 1, 1, 1, 1, 1, 1, 1, 1, 1, 1, 1, 1, 1, 1]",,,,,,,,,,,,,,,,,,,,,
k-sweep,145,35,20,alns,7.0,301.714,266.5705,8.044,14.454,0.9733389899043464,0.9457779461718382,0.0275610437325083,20,{0: 20},max_iter,7.29,,,,300.0,266.0,"{0: 1.3284816921171223, 1: 0.22876792454961012, 2: 0.3638297636024883, 3: 0.24837660379671955}","{'random': 0.4010499418030201, 'probability': 0.31381059609000017, 'degree': 0.9357391570247103, 'bridge': 0.31381059609000017, 'betweenness': 0.9915275066888724, 'spectral': 1.2099964904786342}","{'random': 0.8282973542246964, 'worst': 1.0243448411027962, 'related': 0.2058911320946491}","{'random': 0, 'probability': 0, 'degree': 1, 'bridge': 0, 'betweenness': 3, 'spectral': 3}",{0: 7},"{0: 7, 1: 0, 2: 0, 3: 0}","{0: 166, 1: 33, 2: 49, 3: 52}","{'random': 0, 'probability': 0, 'degree': 5, 'bridge': 0, 'betweenness': 3, 'spectral': 7}","{0: 0, 1: 0, 2: 0, 3: 0}","{0: 35, 1: 2041, 2: 13592, 3: 6065}","(2, 8)",300.0,20.0,6.0,0.1,0.4,0.1,3.0,
population,587,10,5,greedy_random,7.0,303.566,274.1475,229.09,207.475,0.245337093086841,0.2431993726005161,0.0021377204863248,5,{0: 5},topk,0.22,10.0,"(1, 0)","[1, 1, 1, 1, 1, 1, 1, 1, 1, 1]",,,,,,,,,,,,,,,,,,,,,
population,587,10,5,greedy_probability,,303.566,274.1475,44.448,45.0775,0.8535804404972889,0.8355720916659827,0.0180083488313061,5,{0: 5},topk,0.05,10.0,"(4, 0)","[5, 4, 1]",,,,,,,,,,,,,,,,,,,,,
population,587,10,5,greedy_degree,,303.566,274.1475,87.44,74.493,0.7119572020582015,0.7282740130769021,-0.0163168110187006,5,{0: 5},topk,0.08,10.0,"(1, 0)","[1, 1, 1, 1, 1, 1, 1, 1, 1, 1]",,,,,,,,,,,,,,,,,,,,,
population,587,10,5,greedy_bridge,,303.566,274.1475,136.51,117.225,0.5503119585197288,0.5724017180532377,-0.0220897595335088,5,{0: 5},topk,0.12,10.0,"(4, 5)","[9, 1]",,,,,,,,,,,,,,,,,,,,,
population,587,10,5,greedy_betweenness,,303.566,274.1475,225.15,216.254,0.2583161487123063,0.2111764652240125,0.0471396834882937,5,{0: 5},topk,0.22,10.0,"(1, 0)","[1, 1, 1, 1, 1, 1, 1, 1, 1, 1]",,,,,,,,,,,,,,,,,,,,,
population,587,10,5,greedy_spectral,,303.566,274.1475,75.848,72.948,0.7501432966801289,0.7339096654173392,0.0162336312627897,5,{0: 5},topk,0.08,10.0,"(1, 0)","[1, 1, 1, 1, 1, 1, 1, 1, 1, 1]",,,,,,,,,,,,,,,,,,,,,
population,587,10,5,alns,7.0,303.566,274.1475,44.448,45.0775,0.8535804404972889,0.8355720916659827,0.0180083488313061,5,{0: 5},max_iter,7.89,,,,300.0,216.0,"{0: 0.8019586688378001, 1: 0.3545902830518956, 2: 0.28384168416340516, 3: 0.3889054717343372}","{'random': 0.5032894340091423, 'probability': 0.8762174633939828, 'degree': 0.41635762268029025, 'bridge': 0.3685705451077051, 'betweenness': 0.6964712369621464, 'spectral': 0.34315188682441516}","{'random': 0.4338117680348161, 'worst': 0.5986094025714798, 'related': 0.6888456394771592}","{'random': 0, 'probability': 3, 'degree': 1, 'bridge': 0, 'betweenness': 0, 'spectral': 0}",{0: 4},"{0: 4, 1: 0, 2: 0, 3: 0}","{0: 132, 1: 59, 2: 41, 3: 68}","{'random': 3, 'probability': 15, 'degree': 3, 'bridge': 1, 'betweenness': 1, 'spectral': 0}","{0: 0, 1: 0, 2: 0, 3: 0}","{0: 10, 1: 540, 2: 9244, 3: 11048}","(1, 2)",300.0,20.0,6.0,0.1,0.4,0.1,3.0,
population,359,22,10,greedy_random,7.0,325.596,304.7485,209.472,190.6555,0.3566505731028636,0.3743841233016733,-0.0177335501988097,10,{0: 10},topk,0.19,22.0,"(1, 0)","[1, 1, 1, 1, 1, 1, 1, 1, 1, 1, 1, 1, 1, 1, 1, 1, 1, 1, 1, 1, 1, 1]",,,,,,,,,,,,,,,,,,,,,
population,359,22,10,greedy_probability,,325.596,304.7485,81.036,76.994,0.7511148785611617,0.7473523249499177,0.003762553611244,10,{0: 10},topk,0.08,22.0,"(1, 12)","[13, 5, 4]",,,,,,,,,,,,,,,,,,,,,
population,359,22,10,greedy_degree,,325.596,304.7485,171.564,167.195,0.4730770648288063,0.4513672749824855,0.0217097898463207,10,{0: 10},topk,0.17,22.0,"(1, 0)","[2, 2, 1, 1, 1, 1, 1, 1, 1, 1, 1, 1, 1, 1, 1, 1, 1, 1, 1, 1]",,,,,,,,,,,,,,,,,,,,,
population,359,22,10,greedy_bridge,,325.596,304.7485,255.948,239.47,0.2139092617845428,0.2142044997760448,-0.0002952379915019,10,{0: 10},topk,0.24,22.0,"(7, 12)","[19, 3]",,,,,,,,,,,,,,,,,,,,,
population,359,22,10,greedy_betweenness,,325.596,304.7485,105.05,106.46,0.6773609012395729,0.6506627596198177,0.0266981416197552,10,{0: 10},topk,0.11,22.0,"(1, 0)","[1, 1, 1, 1, 1, 1, 1, 1, 1, 1, 1, 1, 1, 1, 1, 1, 1, 1, 1, 1, 1, 1]",,,,,,,,,,,,,,,,,,,,,
population,359,22,10,greedy_spectral,,325.596,304.7485,171.564,167.195,0.4730770648288063,0.4513672749824855,0.0217097898463207,10,{0: 10},topk,0.0,22.0,"(1, 0)","[1, 1, 1, 1, 1, 1, 1, 1, 1, 1, 1, 1, 1, 1, 1, 1, 1, 1, 1, 1, 1, 1]",,,,,,,,,,,,,,,,,,,,,
population,359,22,10,alns,7.0,325.596,304.7485,69.85,72.371,0.7854703374734333,0.7625222109378718,0.0229481265355615,10,"{0: 9, 1: 1}",max_iter,10.75,,,,300.0,283.0,"{0: 1.4792143074705408, 1: 0.39610742491460255, 2: 0.7015729006528664, 3: 0.5995566161721092}","{'random': 0.3276182623179601, 'probability': 0.9749052921036434, 'degree': 1.905870029704421, 'bridge': 0.3640202914644001, 'betweenness': 1.373498157648821, 'spectral': 0.7159530636720002}","{'random': 0.6087687964694677, 'worst': 1.2270871294397687, 'related': 0.9605042067040642}","{'random': 0, 'probability': 2, 'degree': 2, 'bridge': 0, 'betweenness': 5, 'spectral': 0}","{1: 2, 0: 7}","{0: 7, 1: 2, 2: 0, 3: 0}","{0: 129, 1: 46, 2: 70, 3: 55}","{'random': 1, 'probability': 0, 'degree': 1, 'bridge': 0, 'betweenness': 2, 'spectral': 0}","{0: 0, 1: 0, 2: 0, 3: 0}","{0: 22, 1: 927, 2: 11508, 3: 8839}","(1, 4)",300.0,20.0,6.0,0.1,0.4,0.1,3.0,
population,218,25,10,greedy_random,7.0,370.246,366.4855,252.194,233.368,0.3188474689800835,0.3632271945274778,-0.0443797255473943,10,{0: 10},topk,0.23,25.0,"(1, 0)","[1, 1, 1, 1, 1, 1, 1, 1, 1, 1, 1, 1, 1, 1, 1, 1, 1, 1, 1, 1, 1, 1, 1, 1, 1]",,,,,,,,,,,,,,,,,,,,,
population,218,25,10,greedy_probability,,370.246,366.4855,109.09,96.545,0.7053580592362916,0.7365652938520078,-0.0312072346157161,10,{0: 10},topk,0.1,25.0,"(3, 15)","[18, 3, 3, 1]",,,,,,,,,,,,,,,,,,,,,
population,218,25,10,greedy_degree,,370.246,366.4855,217.146,211.1565,0.4135088562739367,0.4238339579601375,-0.0103251016862008,10,{0: 10},topk,0.2,25.0,"(1, 0)","[2, 2, 2, 1, 1, 1, 1, 1, 1, 1, 1, 1, 1, 1, 1, 1, 1, 1, 1, 1, 1, 1]",,,,,,,,,,,,,,,,,,,,,
population,218,25,10,greedy_bridge,,370.246,366.4855,281.518,275.902,0.2396460731513642,0.2471680325688192,-0.007521959417455,10,{0: 10},topk,0.28,25.0,"(7, 15)","[22, 3]",,,,,,,,,,,,,,,,,,,,,
population,218,25,10,greedy_betweenness,,370.246,366.4855,233.568,227.193,0.3691545621019537,0.3800764286718028,-0.010921866569849,10,{0: 10},topk,0.22,25.0,"(1, 0)","[2, 1, 1, 1, 1, 1, 1, 1, 1, 1, 1, 1, 1, 1, 1, 1, 1, 1, 1, 1, 1, 1, 1, 1]",,,,,,,,,,,,,,,,,,,,,
population,218,25,10,greedy_spectral,,370.246,366.4855,217.146,211.1565,0.4135088562739367,0.4238339579601375,-0.0103251016862008,10,{0: 10},topk,0.0,25.0,"(1, 0)","[1, 1, 1, 1, 1, 1, 1, 1, 1, 1, 1, 1, 1, 1, 1, 1, 1, 1, 1, 1, 1, 1, 1, 1, 1]",,,,,,,,,,,,,,,,,,,,,
population,218,25,10,alns,7.0,370.246,366.4855,95.254,86.1255,0.7427278079979257,0.7649961594660635,-0.0222683514681377,10,{0: 10},max_iter,11.6,,,,300.0,275.0,"{0: 2.1098343127906127, 1: 0.54833171490126, 2: 0.7296445037532603, 3: 0.6491001715106492}","{'random': 0.9456085096858385, 'probability': 1.5672008733264318, 'degree': 2.2602661665596107, 'bridge': 0.38742048900000015, 'betweenness': 0.6752308656060003, 'spectral': 1.1564890659291693}","{'random': 0.7872177509921701, 'worst': 1.8004971429529215, 'related': 0.7832936628832181}","{'random': 2, 'probability': 2, 'degree': 3, 'bridge': 0, 'betweenness': 0, 'spectral': 1}",{0: 8},"{0: 8, 1: 0, 2: 0, 3: 0}","{0: 156, 1: 39, 2: 55, 3: 50}","{'random': 0, 'probability': 6, 'degree': 2, 'bridge': 0, 'betweenness': 0, 'spectral': 4}","{0: 0, 1: 0, 2: 0, 3: 0}","{0: 25, 1: 1431, 2: 12937, 3: 7220}","(1, 4)",300.0,20.0,6.0,0.1,0.4,0.1,3.0,
population,527,8,3,greedy_random,7.0,517.65,524.451,69.384,74.4275,0.8659634888438134,0.858084930718027,0.0078785581257863,3,{0: 3},topk,0.07,8.0,"(1, 0)","[1, 1, 1, 1, 1, 1, 1, 1]",,,,,,,,,,,,,,,,,,,,,
population,527,8,3,greedy_probability,,517.65,524.451,42.14,39.793,0.9185936443542936,0.9241244653933351,-0.0055308210390416,3,{0: 3},topk,0.04,8.0,"(1, 5)","[6, 1, 1]",,,,,,,,,,,,,,,,,,,,,
population,527,8,3,greedy_degree,,517.65,524.451,511.18,519.6815,0.0124987926204964,0.0090942719148213,0.003404520705675,3,{0: 3},topk,0.44,8.0,"(1, 1)","[2, 1, 1, 1, 1, 1, 1]",,,,,,,,,,,,,,,,,,,,,
population,527,8,3,greedy_bridge,,517.65,524.451,512.536,521.598,0.0098792620496475,0.0054399743732017,0.0044392876764457,3,{0: 3},topk,0.44,8.0,"(2, 5)","[7, 1]",,,,,,,,,,,,,,,,,,,,,
population,527,8,3,greedy_betweenness,,517.65,524.451,65.558,69.305,0.8733545832125954,0.8678522874396273,0.0055022957729681,3,{0: 3},topk,0.06,8.0,"(1, 0)","[1, 1, 1, 1, 1, 1, 1, 1]",,,,,,,,,,,,,,,,,,,,,
population,527,8,3,greedy_spectral,,517.65,524.451,65.558,69.305,0.8733545832125954,0.8678522874396273,0.0055022957729681,3,{0: 3},topk,0.0,8.0,"(1, 0)","[1, 1, 1, 1, 1, 1, 1, 1]",,,,,,,,,,,,,,,,,,,,,
population,527,8,3,alns,7.0,517.65,524.451,42.14,39.793,0.9185936443542936,0.9241244653933351,-0.0055308210390416,3,{0: 3},max_iter,13.93,,,,300.0,225.0,"{0: 1.8017703140485803, 1: 0.8657575570822502, 2: 1.2405025844355064, 3: 1.1610353467473187}","{'random': 1.0402414468870054, 'probability': 1.8250105372713004, 'degree': 1.1155649329048933, 'bridge': 1.1535890593537357, 'betweenness': 1.0448013473004867, 'spectral': 0.43046721000000016}","{'random': 1.0688985099911252, 'worst': 1.5271839543622217, 'related': 0.9706174282108112}","{'random': 1, 'probability': 2, 'degree': 0, 'bridge': 1, 'betweenness': 2, 'spectral': 0}","{0: 5, 2: 1}","{0: 5, 1: 0, 2: 1, 3: 0}","{0: 103, 1: 55, 2: 79, 3: 63}","{'random': 4, 'probability': 11, 'degree': 3, 'bridge': 6, 'betweenness': 10, 'spectral': 3}","{0: 0, 1: 0, 2: 0, 3: 0}","{0: 8, 1: 312, 2: 6341, 3: 12361}","(1, 1)",300.0,20.0,6.0,0.1,0.4,0.1,3.0,
population,95,44,10,greedy_random,7.0,536.026,566.6755,506.352,540.354,0.055359254961513,0.0464489818246951,0.0089102731368179,10,{0: 10},topk,0.52,44.0,"(1, 0)","[1, 1, 1, 1, 1, 1, 1, 1, 1, 1, 1, 1, 1, 1, 1, 1, 1, 1, 1, 1, 1, 1, 1, 1, 1, 1, 1, 1, 1, 1, 1, 1, 1, 1, 1, 1, 1, 1, 1, 1, 1, 1, 1, 1]",,,,,,,,,,,,,,,,,,,,,
population,95,44,10,greedy_probability,,536.026,566.6755,180.014,195.3995,0.6641692753709707,0.6551827280339454,0.0089865473370253,10,{0: 10},topk,0.19,44.0,"(5, 3)","[31, 8, 4, 1]",,,,,,,,,,,,,,,,,,,,,
population,95,44,10,greedy_degree,,536.026,566.6755,240.186,256.234,0.5519135265826658,0.5478294014828593,0.0040841250998064,10,{0: 10},topk,0.25,44.0,"(1, 0)","[4, 3, 3, 2, 2, 2, 2, 1, 1, 1, 1, 1, 1, 1, 1, 1, 1, 1, 1, 1, 1, 1, 1, 1, 1, 1, 1, 1, 1, 1, 1, 1, 1]",,,,,,,,,,,,,,,,,,,,,
population,95,44,10,greedy_bridge,,536.026,566.6755,519.234,554.274,0.0313268386234995,0.0218846588567884,0.009442179766711,10,{0: 10},topk,0.54,44.0,"(2, 34)","[36, 8]",,,,,,,,,,,,,,,,,,,,,
population,95,44,10,greedy_betweenness,,536.026,566.6755,493.756,527.237,0.0788581150914321,0.0695962680581745,0.0092618470332576,10,{0: 10},topk,0.51,44.0,"(1, 0)","[7, 1, 1, 1, 1, 1, 1, 1, 1, 1, 1, 1, 1, 1, 1, 1, 1, 1, 1, 1, 1, 1, 1, 1, 1, 1, 1, 1, 1, 1, 1, 1, 1, 1, 1, 1, 1, 1]",,,,,,,,,,,,,,,,,,,,,
population,95,44,10,greedy_spectral,,536.026,566.6755,493.756,527.237,0.0788581150914321,0.0695962680581745,0.0092618470332576,10,{0: 10},topk,0.0,44.0,"(1, 0)","[4, 3, 1, 1, 1, 1, 1, 1, 1, 1, 1, 1, 1, 1, 1, 1, 1, 1, 1, 1, 1, 1, 1, 1, 1, 1, 1, 1, 1, 1, 1, 1, 1, 1, 1, 1, 1, 1, 1]",,,,,,,,,,,,,,,,,,,,,
population,95,44,10,alns,7.0,536.026,566.6755,180.336,200.5215,0.6635685582415778,0.6461440454016452,0.0174245128399326,10,{0: 10},max_iter,20.99,,,,300.0,291.0,"{0: 3.123698941612212, 1: 0.5527549499699574, 2: 0.9158136361077671, 3: 0.7325908365721054}","{'random': 1.6945024399283037, 'probability': 2.523616047344, 'degree': 0.6848044563564002, 'bridge': 0.6853468450410001, 'betweenness': 1.5944793784312343, 'spectral': 1.9011382252019915}","{'random': 1.2515646631532389, 'worst': 2.274146008685639, 'related': 1.501966309607282}","{'random': 1, 'probability': 7, 'degree': 0, 'bridge': 0, 'betweenness': 3, 'spectral': 1}","{2: 1, 0: 11}","{0: 11, 1: 0, 2: 1, 3: 0}","{0: 151, 1: 27, 2: 72, 3: 50}","{'random': 0, 'probability': 3, 'degree': 0, 'bridge': 0, 'betweenness': 2, 'spectral': 3}","{0: 0, 1: 0, 2: 0, 3: 0}","{0: 44, 1: 2124, 2: 12909, 3: 6467}","(1, 4)",300.0,20.0,6.0,0.1,0.4,0.1,3.0,
population,271,30,10,greedy_random,7.0,555.114,564.9795,479.418,476.192,0.1363611798657573,0.1571517196641648,-0.0207905397984075,10,{0: 10},topk,0.43,30.0,"(1, 0)","[1, 1, 1, 1, 1, 1, 1, 1, 1, 1, 1, 1, 1, 1, 1, 1, 1, 1, 1, 1, 1, 1, 1, 1, 1, 1, 1, 1, 1, 1]",,,,,,,,,,,,,,,,,,,,,
population,271,30,10,greedy_probability,,555.114,564.9795,225.744,234.206,0.5933375847123294,0.585461065401488,0.0078765193108414,10,{0: 10},topk,0.21,30.0,"(2, 8)","[12, 10, 6, 2]",,,,,,,,,,,,,,,,,,,,,
population,271,30,10,greedy_degree,,555.114,564.9795,318.968,327.589,0.4254009086421888,0.4201754222940832,0.0052254863481056,10,{0: 10},topk,0.3,30.0,"(1, 0)","[2, 2, 2, 1, 1, 1, 1, 1, 1, 1, 1, 1, 1, 1, 1, 1, 1, 1, 1, 1, 1, 1, 1, 1, 1, 1, 1]",,,,,,,,,,,,,,,,,,,,,
population,271,30,10,greedy_bridge,,555.114,564.9795,347.932,358.8845,0.3732242386248591,0.3647831469991389,0.0084410916257201,10,{0: 10},topk,0.32,30.0,"(7, 20)","[27, 3]",,,,,,,,,,,,,,,,,,,,,
population,271,30,10,greedy_betweenness,,555.114,564.9795,318.968,327.589,0.4254009086421888,0.4201754222940832,0.0052254863481056,10,{0: 10},topk,0.0,30.0,"(1, 0)","[2, 1, 1, 1, 1, 1, 1, 1, 1, 1, 1, 1, 1, 1, 1, 1, 1, 1, 1, 1, 1, 1, 1, 1, 1, 1, 1, 1, 1]",,,,,,,,,,,,,,,,,,,,,
population,271,30,10,greedy_spectral,,555.114,564.9795,305.434,325.1645,0.4497814863253313,0.4244667284388195,0.0253147578865118,10,{0: 10},topk,0.29,30.0,"(1, 0)","[1, 1, 1, 1, 1, 1, 1, 1, 1, 1, 1, 1, 1, 1, 1, 1, 1, 1, 1, 1, 1, 1, 1, 1, 1, 1, 1, 1, 1, 1]",,,,,,,,,,,,,,,,,,,,,
population,271,30,10,alns,7.0,555.114,564.9795,218.042,239.5865,0.6072122122663093,0.5759377110142935,0.0312745012520158,10,{0: 10},max_iter,22.24,,,,300.0,281.0,"{0: 2.4692379310658885, 1: 0.2948564360861641, 2: 0.6599519854448916, 3: 0.4795653529447383}","{'random': 1.3056519094236005, 'probability': 2.5464827957610208, 'degree': 0.9359342915310905, 'bridge': 0.35617502656215005, 'betweenness': 0.9765942655618849, 'spectral': 0.43046721000000016}","{'random': 1.0337565952257426, 'worst': 1.8883775557578732, 'related': 0.725357502332231}","{'random': 2, 'probability': 9, 'degree': 1, 'bridge': 0, 'betweenness': 1, 'spectral': 0}",{0: 13},"{0: 13, 1: 0, 2: 0, 3: 0}","{0: 158, 1: 31, 2: 57, 3: 54}","{'random': 1, 'probability': 4, 'degree': 5, 'bridge': 0, 'betweenness': 1, 'spectral': 0}","{0: 0, 1: 0, 2: 0, 3: 0}","{0: 30, 1: 1875, 2: 13578, 3: 6309}","(1, 4)",300.0,20.0,6.0,0.1,0.4,0.1,3.0,
k-sweep,271,30,3,greedy_random,7.0,555.114,564.9795,521.738,540.215,0.0601245870217648,0.043832563836387,0.0162920231853778,3,{0: 3},topk,0.5,30.0,"(1, 0)","[1, 1, 1, 1, 1, 1, 1, 1, 1, 1, 1, 1, 1, 1, 1, 1, 1, 1, 1, 1, 1, 1, 1, 1, 1, 1, 1, 1, 1, 1]",,,,,,,,,,,,,,,,,,,,,
k-sweep,271,30,3,greedy_probability,,555.114,564.9795,436.358,443.6795,0.2139308322254528,0.2146980554161699,-0.000767223190717,3,{0: 3},topk,0.44,30.0,"(1, 5)","[12, 10, 6, 2]",,,,,,,,,,,,,,,,,,,,,
k-sweep,271,30,3,greedy_degree,,555.114,564.9795,439.904,452.9915,0.2075429551407459,0.1982160414669913,0.0093269136737546,3,{0: 3},topk,0.41,30.0,"(1, 0)","[2, 2, 2, 1, 1, 1, 1, 1, 1, 1, 1, 1, 1, 1, 1, 1, 1, 1, 1, 1, 1, 1, 1, 1, 1, 1, 1]",,,,,,,,,,,,,,,,,,,,,
k-sweep,271,30,3,greedy_bridge,,555.114,564.9795,551.532,561.347,0.006452728628714,0.006429436820274,2.329180843996248e-05,3,{0: 3},topk,0.49,30.0,"(3, 0)","[27, 3]",,,,,,,,,,,,,,,,,,,,,
k-sweep,271,30,3,greedy_betweenness,,555.114,564.9795,439.904,452.9915,0.2075429551407459,0.1982160414669913,0.0093269136737546,3,{0: 3},topk,0.0,30.0,"(1, 0)","[2, 1, 1, 1, 1, 1, 1, 1, 1, 1, 1, 1, 1, 1, 1, 1, 1, 1, 1, 1, 1, 1, 1, 1, 1, 1, 1, 1, 1]",,,,,,,,,,,,,,,,,,,,,
k-sweep,271,30,3,greedy_spectral,,555.114,564.9795,439.904,452.9915,0.2075429551407459,0.1982160414669913,0.0093269136737546,3,{0: 3},topk,0.0,30.0,"(1, 0)","[1, 1, 1, 1, 1, 1, 1, 1, 1, 1, 1, 1, 1, 1, 1, 1, 1, 1, 1, 1, 1, 1, 1, 1, 1, 1, 1, 1, 1, 1]",,,,,,,,,,,,,,,,,,,,,
k-sweep,271,30,3,alns,7.0,555.114,564.9795,396.452,429.5435,0.2858187687574084,0.2397184322617015,0.0461003364957068,3,{0: 3},max_iter,29.23,,,,300.0,262.0,"{0: 3.1787754941469863, 1: 1.1612793216230086, 2: 1.3230789689408093, 3: 1.3232121033700783}","{'random': 3.4669244565794295, 'probability': 1.7105377951202398, 'degree': 2.1329150913536408, 'bridge': 1.831864649828203, 'betweenness': 1.8922845322270792, 'spectral': 2.2257887288503584}","{'random': 0.9748735374599916, 'worst': 2.6485004103907785, 'related': 1.969880675875955}","{'random': 3, 'probability': 2, 'degree': 2, 'bridge': 1, 'betweenness': 1, 'spectral': 3}","{0: 11, 1: 1}","{0: 11, 1: 1, 2: 0, 3: 0}","{0: 129, 1: 57, 2: 59, 3: 55}","{'random': 3, 'probability': 4, 'degree': 3, 'bridge': 2, 'betweenness': 3, 'spectral': 5}","{0: 0, 1: 0, 2: 0, 3: 0}","{0: 30, 1: 1875, 2: 13578, 3: 6309}","(1, 1)",300.0,20.0,6.0,0.1,0.4,0.1,3.0,
k-sweep,271,30,5,greedy_random,7.0,555.114,564.9795,508.938,521.7135,0.0831829137798723,0.0765797697084585,0.0066031440714137,5,{0: 5},topk,0.46,30.0,"(1, 0)","[1, 1, 1, 1, 1, 1, 1, 1, 1, 1, 1, 1, 1, 1, 1, 1, 1, 1, 1, 1, 1, 1, 1, 1, 1, 1, 1, 1, 1, 1]",,,,,,,,,,,,,,,,,,,,,
k-sweep,271,30,5,greedy_probability,,555.114,564.9795,380.184,386.007,0.3151244609215404,0.3167769804037138,-0.0016525194821733,5,{0: 5},topk,0.33,30.0,"(3, 3)","[12, 10, 6, 2]",,,,,,,,,,,,,,,,,,,,,
k-sweep,271,30,5,greedy_degree,,555.114,564.9795,424.372,443.3555,0.2355227935162868,0.2152715275509996,0.0202512659652871,5,{0: 5},topk,0.38,30.0,"(1, 0)","[2, 2, 2, 1, 1, 1, 1, 1, 1, 1, 1, 1, 1, 1, 1, 1, 1, 1, 1, 1, 1, 1, 1, 1, 1, 1, 1]",,,,,,,,,,,,,,,,,,,,,
k-sweep,271,30,5,greedy_bridge,,555.114,564.9795,454.206,470.5055,0.1817788778521168,0.167216686623143,0.0145621912289738,5,{0: 5},topk,0.41,30.0,"(2, 25)","[27, 3]",,,,,,,,,,,,,,,,,,,,,
k-sweep,271,30,5,greedy_betweenness,,555.114,564.9795,424.372,443.3555,0.2355227935162868,0.2152715275509996,0.0202512659652871,5,{0: 5},topk,0.0,30.0,"(1, 0)","[2, 1, 1, 1, 1, 1, 1, 1, 1, 1, 1, 1, 1, 1, 1, 1, 1, 1, 1, 1, 1, 1, 1, 1, 1, 1, 1, 1, 1]",,,,,,,,,,,,,,,,,,,,,
k-sweep,271,30,5,greedy_spectral,,555.114,564.9795,411.702,419.0915,0.2583469341432571,0.2582182185371328,0.0001287156061243,5,{0: 5},topk,0.35,30.0,"(1, 0)","[1, 1, 1, 1, 1, 1, 1, 1, 1, 1, 1, 1, 1, 1, 1, 1, 1, 1, 1, 1, 1, 1, 1, 1, 1, 1, 1, 1, 1, 1]",,,,,,,,,,,,,,,,,,,,,
k-sweep,271,30,5,alns,7.0,555.114,564.9795,347.394,367.222,0.3741934089214107,0.3500259743937612,0.0241674345276494,5,{0: 5},max_iter,26.45,,,,300.0,281.0,"{0: 1.7814091227726072, 1: 0.9956236174256275, 2: 1.3786989596462076, 3: 1.1430260397211507}","{'random': 1.3703062695930006, 'probability': 1.4137231278235192, 'degree': 1.0655909506130092, 'bridge': 1.3959546682262676, 'betweenness': 1.5660393139501676, 'spectral': 1.1642373114939004}","{'random': 1.2897752646152114, 'worst': 1.7645419986201587, 'related': 0.7485010337938682}","{'random': 0, 'probability': 2, 'degree': 0, 'bridge': 1, 'betweenness': 3, 'spectral': 1}","{0: 6, 2: 1}","{0: 6, 1: 0, 2: 1, 3: 0}","{0: 88, 1: 59, 2: 89, 3: 64}","{'random': 0, 'probability': 0, 'degree': 1, 'bridge': 2, 'betweenness': 2, 'spectral': 1}","{0: 0, 1: 0, 2: 0, 3: 0}","{0: 30, 1: 1875, 2: 13578, 3: 6309}","(1, 2)",300.0,20.0,6.0,0.1,0.4,0.1,3.0,
k-sweep,271,30,10,greedy_random,7.0,555.114,564.9795,479.418,476.192,0.1363611798657573,0.1571517196641648,-0.0207905397984075,10,{0: 10},topk,0.0,30.0,"(1, 0)","[1, 1, 1, 1, 1, 1, 1, 1, 1, 1, 1, 1, 1, 1, 1, 1, 1, 1, 1, 1, 1, 1, 1, 1, 1, 1, 1, 1, 1, 1]",,,,,,,,,,,,,,,,,,,,,
k-sweep,271,30,10,greedy_probability,,555.114,564.9795,225.744,234.206,0.5933375847123294,0.585461065401488,0.0078765193108414,10,{0: 10},topk,0.0,30.0,"(2, 8)","[12, 10, 6, 2]",,,,,,,,,,,,,,,,,,,,,
k-sweep,271,30,10,greedy_degree,,555.114,564.9795,318.968,327.589,0.4254009086421888,0.4201754222940832,0.0052254863481056,10,{0: 10},topk,0.0,30.0,"(1, 0)","[2, 2, 2, 1, 1, 1, 1, 1, 1, 1, 1, 1, 1, 1, 1, 1, 1, 1, 1, 1, 1, 1, 1, 1, 1, 1, 1]",,,,,,,,,,,,,,,,,,,,,
k-sweep,271,30,10,greedy_bridge,,555.114,564.9795,347.932,358.8845,0.3732242386248591,0.3647831469991389,0.0084410916257201,10,{0: 10},topk,0.0,30.0,"(7, 20)","[27, 3]",,,,,,,,,,,,,,,,,,,,,
k-sweep,271,30,10,greedy_betweenness,,555.114,564.9795,318.968,327.589,0.4254009086421888,0.4201754222940832,0.0052254863481056,10,{0: 10},topk,0.0,30.0,"(1, 0)","[2, 1, 1, 1, 1, 1, 1, 1, 1, 1, 1, 1, 1, 1, 1, 1, 1, 1, 1, 1, 1, 1, 1, 1, 1, 1, 1, 1, 1]",,,,,,,,,,,,,,,,,,,,,
k-sweep,271,30,10,greedy_spectral,,555.114,564.9795,305.434,325.1645,0.4497814863253313,0.4244667284388195,0.0253147578865118,10,{0: 10},topk,0.0,30.0,"(1, 0)","[1, 1, 1, 1, 1, 1, 1, 1, 1, 1, 1, 1, 1, 1, 1, 1, 1, 1, 1, 1, 1, 1, 1, 1, 1, 1, 1, 1, 1, 1]",,,,,,,,,,,,,,,,,,,,,
k-sweep,271,30,10,alns,7.0,555.114,564.9795,218.042,239.5865,0.6072122122663093,0.5759377110142935,0.0312745012520158,10,{0: 10},max_iter,1.06,,,,300.0,281.0,"{0: 2.4692379310658885, 1: 0.2948564360861641, 2: 0.6599519854448916, 3: 0.4795653529447383}","{'random': 1.3056519094236005, 'probability': 2.5464827957610208, 'degree': 0.9359342915310905, 'bridge': 0.35617502656215005, 'betweenness': 0.9765942655618849, 'spectral': 0.43046721000000016}","{'random': 1.0337565952257426, 'worst': 1.8883775557578732, 'related': 0.725357502332231}","{'random': 2, 'probability': 9, 'degree': 1, 'bridge': 0, 'betweenness': 1, 'spectral': 0}",{0: 13},"{0: 13, 1: 0, 2: 0, 3: 0}","{0: 158, 1: 31, 2: 57, 3: 54}","{'random': 1, 'probability': 4, 'degree': 5, 'bridge': 0, 'betweenness': 1, 'spectral': 0}","{0: 0, 1: 0, 2: 0, 3: 0}","{0: 30, 1: 1875, 2: 13578, 3: 6309}","(1, 4)",300.0,20.0,6.0,0.1,0.4,0.1,3.0,
k-sweep,271,30,15,greedy_random,7.0,555.114,564.9795,181.468,192.1445,0.673097778114045,0.6599088993494455,0.0131888787645995,15,{0: 15},topk,0.17,30.0,"(1, 0)","[1, 1, 1, 1, 1, 1, 1, 1, 1, 1, 1, 1, 1, 1, 1, 1, 1, 1, 1, 1, 1, 1, 1, 1, 1, 1, 1, 1, 1, 1]",,,,,,,,,,,,,,,,,,,,,
k-sweep,271,30,15,greedy_probability,,555.114,564.9795,133.326,141.0705,0.7598223067694203,0.750308639517009,0.0095136672524113,15,{0: 15},topk,0.13,30.0,"(7, 3)","[12, 10, 6, 2]",,,,,,,,,,,,,,,,,,,,,
k-sweep,271,30,15,greedy_degree,,555.114,564.9795,181.712,200.803,0.6726582287602186,0.6445835645364124,0.0280746642238062,15,{0: 15},topk,0.19,30.0,"(1, 0)","[2, 2, 2, 1, 1, 1, 1, 1, 1, 1, 1, 1, 1, 1, 1, 1, 1, 1, 1, 1, 1, 1, 1, 1, 1, 1, 1]",,,,,,,,,,,,,,,,,,,,,
k-sweep,271,30,15,greedy_bridge,,555.114,564.9795,242.626,256.4645,0.5629258134365194,0.5460640607314071,0.0168617527051122,15,{0: 15},topk,0.23,30.0,"(12, 15)","[27, 3]",,,,,,,,,,,,,,,,,,,,,
k-sweep,271,30,15,greedy_betweenness,,555.114,564.9795,186.746,200.8245,0.6635898211898817,0.6445455100583295,0.0190443111315522,15,{0: 15},topk,0.18,30.0,"(1, 0)","[2, 1, 1, 1, 1, 1, 1, 1, 1, 1, 1, 1, 1, 1, 1, 1, 1, 1, 1, 1, 1, 1, 1, 1, 1, 1, 1, 1, 1]",,,,,,,,,,,,,,,,,,,,,
k-sweep,271,30,15,greedy_spectral,,555.114,564.9795,171.698,180.1405,0.6906977665848817,0.6811556879497398,0.0095420786351418,15,{0: 15},topk,0.16,30.0,"(1, 0)","[1, 1, 1, 1, 1, 1, 1, 1, 1, 1, 1, 1, 1, 1, 1, 1, 1, 1, 1, 1, 1, 1, 1, 1, 1, 1, 1, 1, 1, 1]",,,,,,,,,,,,,,,,,,,,,
k-sweep,271,30,15,alns,7.0,555.114,564.9795,119.5,139.855,0.7847289025317322,0.7524600450104827,0.0322688575212495,15,{0: 15},max_iter,18.85,,,,300.0,283.0,"{0: 1.5723358515542536, 1: 0.29086207549879, 2: 0.2948564360861641, 3: 0.34255564669184413}","{'random': 0.6128720941637702, 'probability': 1.7070649255700783, 'degree': 0.32827726456974904, 'bridge': 0.49754670010069496, 'betweenness': 0.3103586795330101, 'spectral': 0.42713108912250014}","{'random': 0.7898957216059402, 'worst': 1.0167154657145467, 'related': 0.41335081905769083}","{'random': 1, 'probability': 6, 'degree': 0, 'bridge': 0, 'betweenness': 0, 'spectral': 0}",{0: 7},"{0: 7, 1: 0, 2: 0, 3: 0}","{0: 167, 1: 58, 2: 38, 3: 37}","{'random': 0, 'probability': 11, 'degree': 0, 'bridge': 1, 'betweenness': 0, 'spectral': 0}","{0: 0, 1: 0, 2: 0, 3: 0}","{0: 30, 1: 1875, 2: 13578, 3: 6309}","(1, 6)",300.0,20.0,6.0,0.1,0.4,0.1,3.0,
k-sweep,271,30,20,greedy_random,7.0,555.114,564.9795,97.198,99.421,0.8249044340441783,0.8240272434663558,0.0008771905778225,20,{0: 20},topk,0.13,30.0,"(1, 0)","[1, 1, 1, 1, 1, 1, 1, 1, 1, 1, 1, 1, 1, 1, 1, 1, 1, 1, 1, 1, 1, 1, 1, 1, 1, 1, 1, 1, 1, 1]",,,,,,,,,,,,,,,,,,,,,
k-sweep,271,30,20,greedy_probability,,555.114,564.9795,57.72,73.66,0.8960213577751597,0.8696235881124891,0.0263977696626706,20,{0: 20},topk,0.09,30.0,"(2, 10)","[12, 10, 6, 2]",,,,,,,,,,,,,,,,,,,,,
k-sweep,271,30,20,greedy_degree,,555.114,564.9795,121.284,127.1615,0.781515148239821,0.7749272318730149,0.0065879163668061,20,{0: 20},topk,0.16,30.0,"(1, 0)","[2, 2, 2, 1, 1, 1, 1, 1, 1, 1, 1, 1, 1, 1, 1, 1, 1, 1, 1, 1, 1, 1, 1, 1, 1, 1, 1]",,,,,,,,,,,,,,,,,,,,,
k-sweep,271,30,20,greedy_bridge,,555.114,564.9795,178.452,191.743,0.678530896356424,0.6606195446029458,0.0179113517534782,20,{0: 20},topk,0.24,30.0,"(17, 10)","[27, 3]",,,,,,,,,,,,,,,,,,,,,
k-sweep,271,30,20,greedy_betweenness,,555.114,564.9795,121.284,127.1615,0.781515148239821,0.7749272318730149,0.0065879163668061,20,{0: 20},topk,0.0,30.0,"(1, 0)","[2, 1, 1, 1, 1, 1, 1, 1, 1, 1, 1, 1, 1, 1, 1, 1, 1, 1, 1, 1, 1, 1, 1, 1, 1, 1, 1, 1, 1]",,,,,,,,,,,,,,,,,,,,,
k-sweep,271,30,20,greedy_spectral,,555.114,564.9795,123.816,122.1635,0.7769539229779829,0.78377357054548,-0.006819647567497,20,{0: 20},topk,0.15,30.0,"(1, 0)","[1, 1, 1, 1, 1, 1, 1, 1, 1, 1, 1, 1, 1, 1, 1, 1, 1, 1, 1, 1, 1, 1, 1, 1, 1, 1, 1, 1, 1, 1]",,,,,,,,,,,,,,,,,,,,,
k-sweep,271,30,20,alns,7.0,555.114,564.9795,53.84,69.154,0.903010913073711,0.877599098728361,0.02541181434535,20,{0: 20},max_iter,17.13,,,,300.0,295.0,"{0: 2.1897115976453065, 1: 0.22876792454961012, 2: 0.31137856397030267, 3: 0.3221788786524001}","{'random': 0.7873005758944357, 'probability': 2.0429795527701784, 'degree': 0.28242953648100017, 'bridge': 0.34867844010000015, 'betweenness': 1.667599789588434, 'spectral': 0.7400690205610279}","{'random': 1.1491663961914742, 'worst': 1.8637818041810643, 'related': 0.6500981666903132}","{'random': 3, 'probability': 6, 'degree': 0, 'bridge': 0, 'betweenness': 2, 'spectral': 0}",{0: 11},"{0: 11, 1: 0, 2: 0, 3: 0}","{0: 174, 1: 35, 2: 40, 3: 51}","{'random': 0, 'probability': 4, 'degree': 0, 'bridge': 0, 'betweenness': 0, 'spectral': 0}","{0: 0, 1: 0, 2: 0, 3: 0}","{0: 30, 1: 1875, 2: 13578, 3: 6309}","(2, 8)",300.0,20.0,6.0,0.1,0.4,0.1,3.0,
population,376,4,3,greedy_random,7.0,570.604,571.5265,1.026,1.019,0.9982019053494192,0.9982170555521048,-1.5150202685498826e-05,3,{0: 3},topk,0.0,4.0,"(1, 0)","[1, 1, 1, 1]",,,,,,,,,,,,,,,,,,,,,
population,376,4,3,greedy_probability,,570.604,571.5265,1.026,1.019,0.9982019053494192,0.9982170555521048,-1.5150202685498826e-05,3,{0: 3},topk,0.0,4.0,"(1, 0)","[2, 1, 1]",,,,,,,,,,,,,,,,,,,,,
population,376,4,3,greedy_degree,,570.604,571.5265,1.026,1.019,0.9982019053494192,0.9982170555521048,-1.5150202685498826e-05,3,{0: 3},topk,0.0,4.0,"(1, 0)","[1, 1, 1, 1]",,,,,,,,,,,,,,,,,,,,,
population,376,4,3,greedy_bridge,,570.604,571.5265,17.374,13.7105,0.9695515629052724,0.9760107361600906,-0.0064591732548182,3,{0: 3},topk,0.02,4.0,"(1, 1)","[2, 2]",,,,,,,,,,,,,,,,,,,,,
population,376,4,3,greedy_betweenness,,570.604,571.5265,1.026,1.019,0.9982019053494192,0.9982170555521048,-1.5150202685498826e-05,3,{0: 3},topk,0.0,4.0,"(1, 1)","[2, 1, 1]",,,,,,,,,,,,,,,,,,,,,
population,376,4,3,greedy_spectral,,570.604,571.5265,1.026,1.019,0.9982019053494192,0.9982170555521048,-1.5150202685498826e-05,3,{0: 3},topk,0.0,4.0,"(1, 0)","[1, 1, 1, 1]",,,,,,,,,,,,,,,,,,,,,
population,376,4,3,alns,7.0,570.604,571.5265,1.026,1.019,0.9982019053494192,0.9982170555521048,-1.5150202685498826e-05,3,{0: 3},max_iter,7.33,,,,300.0,211.0,"{0: 0.2058911320946491, 1: 0.2058911320946491, 2: 0.2058911320946491, 3: 0.2058911320946491}","{'random': 0.25418658283290013, 'probability': 0.2058911320946491, 'degree': 0.22876792454961012, 'bridge': 0.22876792454961012, 'betweenness': 0.2058911320946491, 'spectral': 0.22876792454961012}","{'random': 0.2058911320946491, 'worst': 0.2058911320946491, 'related': 0.2058911320946491}","{'random': 0, 'probability': 0, 'degree': 0, 'bridge': 0, 'betweenness': 0, 'spectral': 0}",{},"{0: 0, 1: 0, 2: 0, 3: 0}","{0: 78, 1: 81, 2: 68, 3: 73}","{'random': 9, 'probability': 8, 'degree': 8, 'bridge': 1, 'betweenness': 12, 'spectral': 7}","{0: 0, 1: 0, 2: 0, 3: 0}","{0: 4, 1: 493, 2: 4900, 3: 13732}","(1, 1)",300.0,20.0,6.0,0.1,0.4,0.1,3.0,
population,637,4,3,greedy_random,7.0,575.3,576.1325,561.15,563.9265,0.0245958630279853,0.0211860986838965,0.0034097643440887,3,{0: 3},topk,0.51,4.0,"(1, 0)","[1, 1, 1, 1]",,,,,,,,,,,,,,,,,,,,,
population,637,4,3,greedy_probability,,575.3,576.1325,3.624,1.982,0.9937006779071788,0.9965598191388264,-0.0028591412316476,3,{0: 3},topk,0.0,4.0,"(1, 1)","[2, 1, 1]",,,,,,,,,,,,,,,,,,,,,
population,637,4,3,greedy_degree,,575.3,576.1325,3.624,1.982,0.9937006779071788,0.9965598191388264,-0.0028591412316476,3,{0: 3},topk,0.0,4.0,"(1, 0)","[1, 1, 1, 1]",,,,,,,,,,,,,,,,,,,,,
population,637,4,3,greedy_bridge,,575.3,576.1325,3.624,1.982,0.9937006779071788,0.9965598191388264,-0.0028591412316476,3,{0: 3},topk,0.0,4.0,"(3, 1)",[4],,,,,,,,,,,,,,,,,,,,,
population,637,4,3,greedy_betweenness,,575.3,576.1325,3.624,1.982,0.9937006779071788,0.9965598191388264,-0.0028591412316476,3,{0: 3},topk,0.0,4.0,"(1, 0)","[1, 1, 1, 1]",,,,,,,,,,,,,,,,,,,,,
population,637,4,3,greedy_spectral,,575.3,576.1325,3.624,1.982,0.9937006779071788,0.9965598191388264,-0.0028591412316476,3,{0: 3},topk,0.0,4.0,"(1, 0)","[1, 1, 1, 1]",,,,,,,,,,,,,,,,,,,,,
population,637,4,3,alns,7.0,575.3,576.1325,3.624,1.982,0.9937006779071788,0.9965598191388264,-0.0028591412316476,3,{0: 3},max_iter,10.84,,,,300.0,206.0,"{0: 0.6563460692435245, 1: 0.8168895938120493, 2: 0.4355108282622176, 3: 0.6906804225994674}","{'random': 0.5935204407382202, 'probability': 0.43030964178245157, 'degree': 0.34867844010000015, 'bridge': 0.859244793154029, 'betweenness': 1.1170860776749352, 'spectral': 0.5396609095496103}","{'random': 0.4022463447006132, 'worst': 0.8741141105508295, 'related': 0.5047612057048043}","{'random': 1, 'probability': 1, 'degree': 0, 'bridge': 2, 'betweenness': 0, 'spectral': 0}",{0: 4},"{0: 4, 1: 0, 2: 0, 3: 0}","{0: 93, 1: 80, 2: 57, 3: 70}","{'random': 5, 'probability': 15, 'degree': 7, 'bridge': 12, 'betweenness': 16, 'spectral': 9}","{0: 0, 1: 0, 2: 0, 3: 0}","{0: 4, 1: 371, 2: 7694, 3: 12019}","(1, 1)",300.0,20.0,6.0,0.1,0.4,0.1,3.0,
population,622,13,5,greedy_random,7.0,600.298,591.7845,487.474,496.5775,0.1879466531622627,0.1608811991527321,0.0270654540095306,5,{0: 5},topk,0.48,13.0,"(1, 0)","[1, 1, 1, 1, 1, 1, 1, 1, 1, 1, 1, 1, 1]",,,,,,,,,,,,,,,,,,,,,
population,622,13,5,greedy_probability,,600.298,591.7845,69.226,75.4325,0.8846806086310466,0.8725338362190966,0.0121467724119499,5,{0: 5},topk,0.07,13.0,"(2, 8)","[10, 2, 1]",,,,,,,,,,,,,,,,,,,,,
population,622,13,5,greedy_degree,,600.298,591.7845,460.404,434.336,0.2330409230082392,0.2660571542512518,-0.0330162312430126,5,{0: 5},topk,0.42,13.0,"(1, 0)","[2, 2, 1, 1, 1, 1, 1, 1, 1, 1, 1]",,,,,,,,,,,,,,,,,,,,,
population,622,13,5,greedy_bridge,,600.298,591.7845,470.716,439.178,0.2158627881485528,0.2578751217715233,-0.0420123336229704,5,{0: 5},topk,0.43,13.0,"(5, 8)",[13],,,,,,,,,,,,,,,,,,,,,
population,622,13,5,greedy_betweenness,,600.298,591.7845,460.404,434.336,0.2330409230082392,0.2660571542512518,-0.0330162312430126,5,{0: 5},topk,0.0,13.0,"(1, 0)","[1, 1, 1, 1, 1, 1, 1, 1, 1, 1, 1, 1, 1]",,,,,,,,,,,,,,,,,,,,,
population,622,13,5,greedy_spectral,,600.298,591.7845,460.404,434.336,0.2330409230082392,0.2660571542512518,-0.0330162312430126,5,{0: 5},topk,0.0,13.0,"(1, 0)","[1, 1, 1, 1, 1, 1, 1, 1, 1, 1, 1, 1, 1]",,,,,,,,,,,,,,,,,,,,,
population,622,13,5,alns,7.0,600.298,591.7845,63.632,71.5805,0.8939993136742085,0.8790429624297358,0.0149563512444726,5,{0: 5},max_iter,21.59,,,,300.0,255.0,"{0: 2.455462066536111, 1: 1.2459169794795262, 2: 1.2636279669212733, 3: 0.6310731087369901}","{'random': 2.5056176029734956, 'probability': 1.2037154593230004, 'degree': 1.2697432434153488, 'bridge': 2.0400269789513907, 'betweenness': 1.8535573582543805, 'spectral': 1.0775907191290501}","{'random': 1.1050047704285335, 'worst': 2.2058855628018157, 'related': 1.4608929846932504}","{'random': 4, 'probability': 1, 'degree': 2, 'bridge': 1, 'betweenness': 1, 'spectral': 2}","{0: 10, 1: 1}","{0: 10, 1: 1, 2: 0, 3: 0}","{0: 142, 1: 65, 2: 58, 3: 35}","{'random': 2, 'probability': 5, 'degree': 10, 'bridge': 0, 'betweenness': 4, 'spectral': 5}","{0: 0, 1: 0, 2: 0, 3: 0}","{0: 13, 1: 1573, 2: 12756, 3: 7322}","(1, 2)",300.0,20.0,6.0,0.1,0.4,0.1,3.0,
population,1240,7,3,greedy_random,7.0,603.992,614.5905,603.88,614.4925,0.0001854329196412,0.0001594557677023,2.5977151938860743e-05,3,{0: 3},topk,0.55,7.0,"(1, 0)","[1, 1, 1, 1, 1, 1, 1]",,,,,,,,,,,,,,,,,,,,,
population,1240,7,3,greedy_probability,,603.992,614.5905,18.16,16.3065,0.9699333766010144,0.9734676992241176,-0.003534322623103,3,{0: 3},topk,0.02,7.0,"(2, 0)","[4, 2, 1]",,,,,,,,,,,,,,,,,,,,,
population,1240,7,3,greedy_degree,,603.992,614.5905,24.774,34.2995,0.9589829004357674,0.9441912948540532,0.0147916055817142,3,{0: 3},topk,0.03,7.0,"(1, 0)","[1, 1, 1, 1, 1, 1, 1]",,,,,,,,,,,,,,,,,,,,,
population,1240,7,3,greedy_bridge,,603.992,614.5905,601.22,612.499,0.0045894647611225,0.0034030789607063,0.0011863858004161,3,{0: 3},topk,0.53,7.0,"(3, 2)","[5, 2]",,,,,,,,,,,,,,,,,,,,,
population,1240,7,3,greedy_betweenness,,603.992,614.5905,24.774,34.2995,0.9589829004357674,0.9441912948540532,0.0147916055817142,3,{0: 3},topk,0.0,7.0,"(1, 0)","[1, 1, 1, 1, 1, 1, 1]",,,,,,,,,,,,,,,,,,,,,
population,1240,7,3,greedy_spectral,,603.992,614.5905,24.774,34.2995,0.9589829004357674,0.9441912948540532,0.0147916055817142,3,{0: 3},topk,0.0,7.0,"(1, 0)","[1, 1, 1, 1, 1, 1, 1]",,,,,,,,,,,,,,,,,,,,,
population,1240,7,3,alns,7.0,603.992,614.5905,5.142,5.9465,0.9914866422071816,0.9903244518097822,0.0011621903973992,3,{0: 3},max_iter,19.36,,,,300.0,244.0,"{0: 1.7144135445675872, 1: 1.7691287922075545, 2: 2.3525457877190554, 3: 1.8304912664679804}","{'random': 1.374008547245889, 'probability': 2.127735982512154, 'degree': 2.0557230730492244, 'bridge': 1.911069546618421, 'betweenness': 1.362941510781146, 'spectral': 1.5516651885866826}","{'random': 1.8272952836409562, 'worst': 2.1441718891106767, 'related': 1.3613959051887397}","{'random': 1, 'probability': 3, 'degree': 2, 'bridge': 1, 'betweenness': 0, 'spectral': 1}","{2: 2, 1: 2, 3: 1, 0: 3}","{0: 3, 1: 2, 2: 2, 3: 1}","{0: 76, 1: 88, 2: 72, 3: 64}","{'random': 7, 'probability': 9, 'degree': 12, 'bridge': 10, 'betweenness': 11, 'spectral': 9}","{0: 0, 1: 0, 2: 0, 3: 0}","{0: 7, 1: 122, 2: 2982, 3: 14095}","(1, 1)",300.0,20.0,6.0,0.1,0.4,0.1,3.0,
population,256,11,5,greedy_random,7.0,625.82,626.035,620.304,619.8455,0.008814035984788,0.0098868274138026,-0.0010727914290146,5,{0: 5},topk,0.55,11.0,"(1, 0)","[1, 1, 1, 1, 1, 1, 1, 1, 1, 1, 1]",,,,,,,,,,,,,,,,,,,,,
population,256,11,5,greedy_probability,,625.82,626.035,41.682,47.567,0.9333961842063212,0.9240186251567404,0.0093775590495809,5,{0: 5},topk,0.05,11.0,"(2, 0)","[6, 2, 1, 1, 1]",,,,,,,,,,,,,,,,,,,,,
population,256,11,5,greedy_degree,,625.82,626.035,200.212,189.3705,0.6800805343389473,0.6975081265424457,-0.0174275922034983,5,{0: 5},topk,0.17,11.0,"(1, 0)","[2, 1, 1, 1, 1, 1, 1, 1, 1, 1]",,,,,,,,,,,,,,,,,,,,,
population,256,11,5,greedy_bridge,,625.82,626.035,620.306,620.1615,0.0088108401776868,0.0093820633031698,-0.0005712231254829,5,{0: 5},topk,0.55,11.0,"(3, 6)","[9, 2]",,,,,,,,,,,,,,,,,,,,,
population,256,11,5,greedy_betweenness,,625.82,626.035,156.316,149.031,0.7502221085935253,0.7619446197097606,-0.0117225111162352,5,{0: 5},topk,0.14,11.0,"(1, 0)","[1, 1, 1, 1, 1, 1, 1, 1, 1, 1, 1]",,,,,,,,,,,,,,,,,,,,,
population,256,11,5,greedy_spectral,,625.82,626.035,155.114,147.701,0.7521427886612764,0.7640691015678037,-0.0119263129065273,5,{0: 5},topk,0.14,11.0,"(1, 0)","[1, 1, 1, 1, 1, 1, 1, 1, 1, 1, 1]",,,,,,,,,,,,,,,,,,,,,
population,256,11,5,alns,7.0,625.82,626.035,30.462,38.7715,0.951324662043399,0.9380681591284832,0.0132565029149158,5,{0: 5},max_iter,13.22,,,,300.0,245.0,"{0: 0.9041510894545083, 1: 0.5028657897044205, 2: 0.6851740555029062, 3: 0.4503630354743059}","{'random': 0.5177874835485001, 'probability': 0.8791493509631665, 'degree': 0.840585615110518, 'bridge': 0.5772371575855502, 'betweenness': 0.7446254729321569, 'spectral': 0.317733228541125}","{'random': 0.4527547205173633, 'worst': 0.5380887876112656, 'related': 0.8102668043692823}","{'random': 0, 'probability': 2, 'degree': 0, 'bridge': 0, 'betweenness': 1, 'spectral': 0}",{0: 3},"{0: 3, 1: 0, 2: 0, 3: 0}","{0: 103, 1: 67, 2: 79, 3: 51}","{'random': 0, 'probability': 4, 'degree': 1, 'bridge': 1, 'betweenness': 2, 'spectral': 1}","{0: 0, 1: 0, 2: 0, 3: 0}","{0: 11, 1: 448, 2: 9077, 3: 11279}","(1, 2)",300.0,20.0,6.0,0.1,0.4,0.1,3.0,
population,142,24,10,greedy_random,7.0,626.108,624.6125,271.278,289.1195,0.5667233129108715,0.5371218155256259,0.0296014973852456,10,{0: 10},topk,0.26,24.0,"(1, 0)","[1, 1, 1, 1, 1, 1, 1, 1, 1, 1, 1, 1, 1, 1, 1, 1, 1, 1, 1, 1, 1, 1, 1, 1]",,,,,,,,,,,,,,,,,,,,,
population,142,24,10,greedy_probability,,626.108,624.6125,55.182,63.401,0.9118650456470768,0.8984954671896576,0.0133695784574192,10,{0: 10},topk,0.06,24.0,"(1, 14)","[15, 5, 2, 1, 1]",,,,,,,,,,,,,,,,,,,,,
population,142,24,10,greedy_degree,,626.108,624.6125,194.076,216.4895,0.6900279185060725,0.6534019091836939,0.0366260093223785,10,{0: 10},topk,0.2,24.0,"(1, 0)","[4, 3, 2, 2, 1, 1, 1, 1, 1, 1, 1, 1, 1, 1, 1, 1, 1]",,,,,,,,,,,,,,,,,,,,,
population,142,24,10,greedy_bridge,,626.108,624.6125,624.57,623.721,0.0024564452139246,0.0014272849166482,0.0010291602972763,10,{0: 10},topk,0.58,24.0,"(10, 0)","[14, 10]",,,,,,,,,,,,,,,,,,,,,
population,142,24,10,greedy_betweenness,,626.108,624.6125,613.064,617.1235,0.0208334664307116,0.0119898336968919,0.0088436327338196,10,{0: 10},topk,0.59,24.0,"(1, 0)","[3, 1, 1, 1, 1, 1, 1, 1, 1, 1, 1, 1, 1, 1, 1, 1, 1, 1, 1, 1, 1, 1]",,,,,,,,,,,,,,,,,,,,,
population,142,24,10,greedy_spectral,,626.108,624.6125,611.812,616.158,0.0228331214423069,0.0135355920670815,0.0092975293752254,10,{0: 10},topk,0.59,24.0,"(1, 0)","[2, 1, 1, 1, 1, 1, 1, 1, 1, 1, 1, 1, 1, 1, 1, 1, 1, 1, 1, 1, 1, 1, 1]",,,,,,,,,,,,,,,,,,,,,
population,142,24,10,alns,7.0,626.108,624.6125,24.232,42.6465,0.9612974119480984,0.9317232684264244,0.0295741435216739,10,{0: 10},max_iter,16.62,,,,300.0,293.0,"{0: 2.7195409642442048, 1: 0.4026268400483724, 2: 0.628267354209868, 3: 0.5059882051355161}","{'random': 1.8175305011138678, 'probability': 2.1982381977665755, 'degree': 0.4377657815455501, 'bridge': 0.4044669905160001, 'betweenness': 1.5172831397680206, 'spectral': 3.350708232841312}","{'random': 1.1232354340985944, 'worst': 1.9257689281913197, 'related': 2.4969663626196468}","{'random': 5, 'probability': 5, 'degree': 0, 'bridge': 0, 'betweenness': 1, 'spectral': 3}",{0: 14},"{0: 14, 1: 0, 2: 0, 3: 0}","{0: 134, 1: 52, 2: 60, 3: 54}","{'random': 3, 'probability': 4, 'degree': 1, 'bridge': 1, 'betweenness': 1, 'spectral': 1}","{0: 0, 1: 0, 2: 0, 3: 0}","{0: 24, 1: 624, 2: 9571, 3: 10394}","(1, 4)",300.0,20.0,6.0,0.1,0.4,0.1,3.0,
population,233,10,5,greedy_random,7.0,641.04,643.499,604.094,619.9135,0.0576344689878945,0.0366519606091074,0.0209825083787871,5,{0: 5},topk,0.55,10.0,"(1, 0)","[1, 1, 1, 1, 1, 1, 1, 1, 1, 1]",,,,,,,,,,,,,,,,,,,,,
population,233,10,5,greedy_probability,,641.04,643.499,40.024,31.913,0.937563958567328,0.9504070713396602,-0.012843112772332,5,{0: 5},topk,0.03,10.0,"(1, 5)","[6, 4]",,,,,,,,,,,,,,,,,,,,,
population,233,10,5,greedy_degree,,641.04,643.499,25.064,20.688,0.9609010358167978,0.967850765890856,-0.0069497300740583,5,{0: 5},topk,0.02,10.0,"(1, 0)","[1, 1, 1, 1, 1, 1, 1, 1, 1, 1]",,,,,,,,,,,,,,,,,,,,,
population,233,10,5,greedy_bridge,,641.04,643.499,603.93,620.923,0.057890303257207,0.0350831936024764,0.0228071096547305,5,{0: 5},topk,0.53,10.0,"(3, 5)","[8, 2]",,,,,,,,,,,,,,,,,,,,,
population,233,10,5,greedy_betweenness,,641.04,643.499,31.49,29.9925,0.950876700361912,0.9533915359619828,-0.002514835600071,5,{0: 5},topk,0.03,10.0,"(1, 0)","[1, 1, 1, 1, 1, 1, 1, 1, 1, 1]",,,,,,,,,,,,,,,,,,,,,
population,233,10,5,greedy_spectral,,641.04,643.499,32.866,28.3455,0.9487301884437788,0.9559509804988042,-0.0072207920550253,5,{0: 5},topk,0.03,10.0,"(1, 0)","[1, 1, 1, 1, 1, 1, 1, 1, 1, 1]",,,,,,,,,,,,,,,,,,,,,
population,233,10,5,alns,7.0,641.04,643.499,22.918,21.357,0.9642487208286534,0.9668111372356444,-0.002562416406991,5,{0: 5},max_iter,27.48,,,,300.0,273.0,"{0: 2.5017257817048613, 1: 1.943826908577105, 2: 1.86888100853512, 3: 1.7257170446705166}","{'random': 2.307873346027664, 'probability': 1.6265151873784802, 'degree': 2.841322059937492, 'bridge': 2.369370777636331, 'betweenness': 1.6195932229856151, 'spectral': 2.3409806998617912}","{'random': 1.8428503347373069, 'worst': 1.844364163557683, 'related': 2.3289420639147336}","{'random': 2, 'probability': 1, 'degree': 1, 'bridge': 2, 'betweenness': 1, 'spectral': 1}","{0: 6, 3: 1, 2: 1}","{0: 6, 1: 0, 2: 1, 3: 1}","{0: 73, 1: 66, 2: 98, 3: 63}","{'random': 7, 'probability': 3, 'degree': 14, 'bridge': 5, 'betweenness': 7, 'spectral': 6}","{0: 0, 1: 0, 2: 0, 3: 0}","{0: 10, 1: 271, 2: 5713, 3: 13560}","(1, 2)",300.0,20.0,6.0,0.1,0.4,0.1,3.0,
population,3,209,20,greedy_random,7.0,643.556,644.473,640.76,641.547,0.0043446102592471,0.0045401436522553,-0.0001955333930081,20,{0: 20},topk,0.56,209.0,"(1, 0)","[1, 1, 1, 1, 1, 1, 1, 1, 1, 1, 1, 1, 1, 1, 1, 1, 1, 1, 1, 1, 1, 1, 1, 1, 1, 1, 1, 1, 1, 1, 1, 1, 1, 1, 1, 1, 1, 1, 1, 1, 1, 1, 1, 1, 1, 1, 1, 1, 1, 1, 1, 1, 1, 1, 1, 1, 1, 1, 1, 1, 1, 1, 1, 1, 1, 1, 1, 1, 1, 1, 1, 1, 1, 1, 1, 1, 1, 1, 1, 1, 1, 1, 1, 1, 1, 1, 1, 1, 1, 1, 1, 1, 1, 1, 1, 1, 1, 1, 1, 1, 1, 1, 1, 1, 1, 1, 1, 1, 1, 1, 1, 1, 1, 1, 1, 1, 1, 1, 1, 1, 1, 1, 1, 1, 1, 1, 1, 1, 1, 1, 1, 1, 1, 1, 1, 1, 1, 1, 1, 1, 1, 1, 1, 1, 1, 1, 1, 1, 1, 1, 1, 1, 1, 1, 1, 1, 1, 1, 1, 1, 1, 1, 1, 1, 1, 1, 1, 1, 1, 1, 1, 1, 1, 1, 1, 1, 1, 1, 1, 1, 1, 1, 1, 1, 1, 1, 1, 1, 1, 1, 1, 1, 1, 1, 1, 1, 1, 1, 1, 1, 1, 1, 1, 1, 1, 1, 1, 1, 1]",,,,,,,,,,,,,,,,,,,,,
population,3,209,20,greedy_probability,,643.556,644.473,636.63,639.665,0.0107620782029846,0.0074603590840888,0.0033017191188958,20,{0: 20},topk,0.56,209.0,"(16, 1)","[73, 56, 36, 23, 17, 3, 1]",,,,,,,,,,,,,,,,,,,,,
population,3,209,20,greedy_degree,,643.556,644.473,643.552,644.448,6.215465320869029e-06,3.879138458862119e-05,-3.257591926775216e-05,20,{0: 20},topk,0.55,209.0,"(2, 2)","[18, 16, 16, 13, 11, 10, 9, 9, 8, 7, 6, 5, 5, 4, 4, 4, 4, 4, 4, 4, 3, 3, 3, 2, 2, 2, 1, 1, 1, 1, 1, 1, 1, 1, 1, 1, 1, 1, 1, 1, 1, 1, 1, 1, 1, 1, 1, 1, 1, 1, 1, 1, 1, 1, 1, 1, 1, 1, 1]",,,,,,,,,,,,,,,,,,,,,
population,3,209,20,greedy_bridge,,643.556,644.473,641.968,642.9275,0.0024675397323621,0.0023980833952701,6.945633709198873e-05,20,{0: 20},topk,0.56,209.0,"(20, 18)","[171, 38]",,,,,,,,,,,,,,,,,,,,,
population,3,209,20,greedy_betweenness,,643.556,644.473,643.338,644.2365,0.0003387428599843,0.0003669664982085,-2.8223638224189607e-05,20,{0: 20},topk,0.58,209.0,"(1, 0)","[34, 7, 3, 3, 3, 2, 2, 1, 1, 1, 1, 1, 1, 1, 1, 1, 1, 1, 1, 1, 1, 1, 1, 1, 1, 1, 1, 1, 1, 1, 1, 1, 1, 1, 1, 1, 1, 1, 1, 1, 1, 1, 1, 1, 1, 1, 1, 1, 1, 1, 1, 1, 1, 1, 1, 1, 1, 1, 1, 1, 1, 1, 1, 1, 1, 1, 1, 1, 1, 1, 1, 1, 1, 1, 1, 1, 1, 1, 1, 1, 1, 1, 1, 1, 1, 1, 1, 1, 1, 1, 1, 1, 1, 1, 1, 1, 1, 1, 1, 1, 1, 1, 1, 1, 1, 1, 1, 1, 1, 1, 1, 1, 1, 1, 1, 1, 1, 1, 1, 1, 1, 1, 1, 1, 1, 1, 1, 1, 1, 1, 1, 1, 1, 1, 1, 1, 1, 1, 1, 1, 1, 1, 1, 1, 1, 1, 1, 1, 1, 1, 1, 1, 1, 1, 1, 1, 1, 1, 1, 1, 1, 1]",,,,,,,,,,,,,,,,,,,,,
population,3,209,20,greedy_spectral,,643.556,644.473,643.356,644.26,0.0003107732660406,0.0003305025966952,-1.9729330654527644e-05,20,{0: 20},topk,0.57,209.0,"(1, 0)","[16, 7, 2, 2, 1, 1, 1, 1, 1, 1, 1, 1, 1, 1, 1, 1, 1, 1, 1, 1, 1, 1, 1, 1, 1, 1, 1, 1, 1, 1, 1, 1, 1, 1, 1, 1, 1, 1, 1, 1, 1, 1, 1, 1, 1, 1, 1, 1, 1, 1, 1, 1, 1, 1, 1, 1, 1, 1, 1, 1, 1, 1, 1, 1, 1, 1, 1, 1, 1, 1, 1, 1, 1, 1, 1, 1, 1, 1, 1, 1, 1, 1, 1, 1, 1, 1, 1, 1, 1, 1, 1, 1, 1, 1, 1, 1, 1, 1, 1, 1, 1, 1, 1, 1, 1, 1, 1, 1, 1, 1, 1, 1, 1, 1, 1, 1, 1, 1, 1, 1, 1, 1, 1, 1, 1, 1, 1, 1, 1, 1, 1, 1, 1, 1, 1, 1, 1, 1, 1, 1, 1, 1, 1, 1, 1, 1, 1, 1, 1, 1, 1, 1, 1, 1, 1, 1, 1, 1, 1, 1, 1, 1, 1, 1, 1, 1, 1, 1, 1, 1, 1, 1, 1, 1, 1, 1, 1, 1, 1, 1, 1, 1, 1, 1, 1, 1]",,,,,,,,,,,,,,,,,,,,,
population,3,209,20,alns,7.0,643.556,644.473,639.406,640.4945,0.0064485452703417,0.0061732609434373,0.0002752843269043,20,"{0: 5, 1: 2, 2: 8, 3: 5}",max_iter,45.61,,,,300.0,301.0,"{0: 7.741566083788953, 1: 8.00990873682957, 2: 8.67912158782165, 3: 8.477951023659822}","{'random': 8.71663057153699, 'probability': 8.194821291874089, 'degree': 7.921582921027882, 'bridge': 7.948446924650662, 'betweenness': 8.543553878827453, 'spectral': 8.18039927183276}","{'random': 8.368820690464144, 'worst': 7.860537195727656, 'related': 8.595769315797348}","{'random': 1, 'probability': 2, 'degree': 0, 'bridge': 0, 'betweenness': 0, 'spectral': 1}","{2: 2, 3: 1, 0: 1}","{0: 1, 1: 0, 2: 2, 3: 1}","{0: 69, 1: 74, 2: 80, 3: 77}","{'random': 1, 'probability': 2, 'degree': 5, 'bridge': 3, 'betweenness': 1, 'spectral': 4}","{0: 0, 1: 0, 2: 0, 3: 0}","{0: 209, 1: 4651, 2: 13982, 3: 3379}","(2, 8)",300.0,20.0,6.0,0.1,0.4,0.1,3.0,
population,13,92,20,greedy_random,7.0,643.556,644.473,643.112,644.008,0.0006899166506101,0.0007215197533487,-3.1603102738642086e-05,20,{0: 20},topk,0.57,92.0,"(1, 0)","[1, 1, 1, 1, 1, 1, 1, 1, 1, 1, 1, 1, 1, 1, 1, 1, 1, 1, 1, 1, 1, 1, 1, 1, 1, 1, 1, 1, 1, 1, 1, 1, 1, 1, 1, 1, 1, 1, 1, 1, 1, 1, 1, 1, 1, 1, 1, 1, 1, 1, 1, 1, 1, 1, 1, 1, 1, 1, 1, 1, 1, 1, 1, 1, 1, 1, 1, 1, 1, 1, 1, 1, 1, 1, 1, 1, 1, 1, 1, 1, 1, 1, 1, 1, 1, 1, 1, 1, 1, 1, 1, 1]",,,,,,,,,,,,,,,,,,,,,
population,13,92,20,greedy_probability,,643.556,644.473,424.326,392.285,0.3406541155703622,0.3913088678656824,-0.0506547522953202,20,{0: 20},topk,0.36,92.0,"(7, 5)","[53, 14, 12, 7, 2, 1, 1, 1, 1]",,,,,,,,,,,,,,,,,,,,,
population,13,92,20,greedy_degree,,643.556,644.473,643.536,644.438,3.1077326604234123e-05,5.430793842409187e-05,-2.323061181985775e-05,20,{0: 20},topk,0.58,92.0,"(1, 0)","[9, 8, 7, 6, 6, 4, 3, 3, 2, 2, 2, 2, 2, 2, 2, 2, 2, 1, 1, 1, 1, 1, 1, 1, 1, 1, 1, 1, 1, 1, 1, 1, 1, 1, 1, 1, 1, 1, 1, 1, 1, 1, 1, 1, 1]",,,,,,,,,,,,,,,,,,,,,
population,13,92,20,greedy_bridge,,643.556,644.473,643.182,644.0475,0.0005811460074959,0.0006602293656987,-7.908335820283607e-05,20,{0: 20},topk,0.58,92.0,"(20, 1)","[71, 21]",,,,,,,,,,,,,,,,,,,,,
population,13,92,20,greedy_betweenness,,643.556,644.473,642.966,643.9315,0.0009167811348197,0.00084022139019,7.655974462972281e-05,20,{0: 20},topk,0.56,92.0,"(1, 0)","[16, 3, 2, 1, 1, 1, 1, 1, 1, 1, 1, 1, 1, 1, 1, 1, 1, 1, 1, 1, 1, 1, 1, 1, 1, 1, 1, 1, 1, 1, 1, 1, 1, 1, 1, 1, 1, 1, 1, 1, 1, 1, 1, 1, 1, 1, 1, 1, 1, 1, 1, 1, 1, 1, 1, 1, 1, 1, 1, 1, 1, 1, 1, 1, 1, 1, 1, 1, 1, 1, 1, 1, 1, 1]",,,,,,,,,,,,,,,,,,,,,
population,13,92,20,greedy_spectral,,643.556,644.473,642.916,643.9055,0.0009944744513298,0.0008805644301622,0.0001139100211675,20,{0: 20},topk,0.55,92.0,"(1, 0)","[7, 6, 2, 1, 1, 1, 1, 1, 1, 1, 1, 1, 1, 1, 1, 1, 1, 1, 1, 1, 1, 1, 1, 1, 1, 1, 1, 1, 1, 1, 1, 1, 1, 1, 1, 1, 1, 1, 1, 1, 1, 1, 1, 1, 1, 1, 1, 1, 1, 1, 1, 1, 1, 1, 1, 1, 1, 1, 1, 1, 1, 1, 1, 1, 1, 1, 1, 1, 1, 1, 1, 1, 1, 1, 1, 1, 1, 1, 1, 1]",,,,,,,,,,,,,,,,,,,,,
population,13,92,20,alns,7.0,643.556,644.473,620.198,620.9385,0.0362952097408773,0.0365174336240617,-0.0002222238831844,20,"{0: 14, 1: 3, 3: 3}",max_iter,53.1,,,,300.0,301.0,"{0: 8.26653071150192, 1: 8.1214476356099, 2: 6.135559288888277, 3: 7.645159786153088}","{'random': 5.925709928245092, 'probability': 9.17463821316303, 'degree': 7.9946568841194345, 'bridge': 6.688137254623659, 'betweenness': 7.993667464298191, 'spectral': 6.22422100416672}","{'random': 7.247806802824141, 'worst': 7.640078628108332, 'related': 7.824192348116416}","{'random': 0, 'probability': 7, 'degree': 0, 'bridge': 1, 'betweenness': 3, 'spectral': 0}","{0: 4, 3: 1, 1: 5, 2: 1}","{0: 4, 1: 5, 2: 1, 3: 1}","{0: 84, 1: 75, 2: 65, 3: 76}","{'random': 1, 'probability': 0, 'degree': 2, 'bridge': 3, 'betweenness': 1, 'spectral': 1}","{0: 0, 1: 0, 2: 0, 3: 0}","{0: 92, 1: 2482, 2: 13311, 3: 6024}","(2, 8)",300.0,20.0,6.0,0.1,0.4,0.1,3.0,
population,24,106,20,greedy_random,7.0,643.556,644.473,643.296,644.191,0.0004040052458527,0.0004375668181598,-3.356157230716139e-05,20,{0: 20},topk,0.75,106.0,"(1, 0)","[1, 1, 1, 1, 1, 1, 1, 1, 1, 1, 1, 1, 1, 1, 1, 1, 1, 1, 1, 1, 1, 1, 1, 1, 1, 1, 1, 1, 1, 1, 1, 1, 1, 1, 1, 1, 1, 1, 1, 1, 1, 1, 1, 1, 1, 1, 1, 1, 1, 1, 1, 1, 1, 1, 1, 1, 1, 1, 1, 1, 1, 1, 1, 1, 1, 1, 1, 1, 1, 1, 1, 1, 1, 1, 1, 1, 1, 1, 1, 1, 1, 1, 1, 1, 1, 1, 1, 1, 1, 1, 1, 1, 1, 1, 1, 1, 1, 1, 1, 1, 1, 1, 1, 1, 1, 1]",,,,,,,,,,,,,,,,,,,,,
population,24,106,20,greedy_probability,,643.556,644.473,423.404,437.474,0.3420867803268091,0.3211911127386252,0.0208956675881839,20,{0: 20},topk,0.52,106.0,"(2, 17)","[69, 19, 10, 2, 2, 2, 1, 1]",,,,,,,,,,,,,,,,,,,,,
population,24,106,20,greedy_degree,,643.556,644.473,637.364,638.756,0.0096215403166157,0.0088708138277321,0.0007507264888836,20,{0: 20},topk,0.85,106.0,"(1, 0)","[6, 6, 5, 5, 5, 4, 4, 4, 4, 3, 3, 3, 3, 2, 2, 2, 2, 2, 2, 2, 1, 1, 1, 1, 1, 1, 1, 1, 1, 1, 1, 1, 1, 1, 1, 1, 1, 1, 1, 1, 1, 1, 1, 1, 1, 1, 1, 1, 1, 1, 1, 1, 1, 1, 1, 1, 1]",,,,,,,,,,,,,,,,,,,,,
population,24,106,20,greedy_bridge,,643.556,644.473,643.268,644.2225,0.0004475135030984,0.0003886896735781,5.882382952027143e-05,20,{0: 20},topk,0.86,106.0,"(6, 86)","[92, 14]",,,,,,,,,,,,,,,,,,,,,
population,24,106,20,greedy_betweenness,,643.556,644.473,641.094,643.1535,0.0038256189049592,0.0020474092785888,0.0017782096263704,20,{0: 20},topk,0.75,106.0,"(1, 0)","[7, 3, 3, 2, 1, 1, 1, 1, 1, 1, 1, 1, 1, 1, 1, 1, 1, 1, 1, 1, 1, 1, 1, 1, 1, 1, 1, 1, 1, 1, 1, 1, 1, 1, 1, 1, 1, 1, 1, 1, 1, 1, 1, 1, 1, 1, 1, 1, 1, 1, 1, 1, 1, 1, 1, 1, 1, 1, 1, 1, 1, 1, 1, 1, 1, 1, 1, 1, 1, 1, 1, 1, 1, 1, 1, 1, 1, 1, 1, 1, 1, 1, 1, 1, 1, 1, 1, 1, 1, 1, 1, 1, 1, 1, 1]",,,,,,,,,,,,,,,,,,,,,
population,24,106,20,greedy_spectral,,643.556,644.473,639.826,641.898,0.0057959214116565,0.0039955126126306,0.0018004087990258,20,{0: 20},topk,0.79,106.0,"(1, 0)","[4, 3, 3, 1, 1, 1, 1, 1, 1, 1, 1, 1, 1, 1, 1, 1, 1, 1, 1, 1, 1, 1, 1, 1, 1, 1, 1, 1, 1, 1, 1, 1, 1, 1, 1, 1, 1, 1, 1, 1, 1, 1, 1, 1, 1, 1, 1, 1, 1, 1, 1, 1, 1, 1, 1, 1, 1, 1, 1, 1, 1, 1, 1, 1, 1, 1, 1, 1, 1, 1, 1, 1, 1, 1, 1, 1, 1, 1, 1, 1, 1, 1, 1, 1, 1, 1, 1, 1, 1, 1, 1, 1, 1, 1, 1, 1, 1, 1, 1]",,,,,,,,,,,,,,,,,,,,,
population,24,106,20,alns,7.0,643.556,644.473,461.06,466.5755,0.2835743897966921,0.2760356135943631,0.007538776202329,20,{0: 20},max_iter,46.91,,,,300.0,301.0,"{0: 5.462441831994374, 1: 2.345299055352819, 2: 1.9934895158859827, 3: 2.1656097652169337}","{'random': 2.052844666839811, 'probability': 5.872491226768089, 'degree': 1.8863513021820608, 'bridge': 1.3695081833856606, 'betweenness': 4.814193482018282, 'spectral': 2.6340011449656977}","{'random': 2.50114378360836, 'worst': 4.565969540412306, 'related': 2.501731318868176}","{'random': 0, 'probability': 10, 'degree': 2, 'bridge': 0, 'betweenness': 5, 'spectral': 2}","{3: 1, 0: 17, 1: 1}","{0: 17, 1: 1, 2: 0, 3: 1}","{0: 105, 1: 75, 2: 53, 3: 67}","{'random': 0, 'probability': 0, 'degree': 2, 'bridge': 0, 'betweenness': 0, 'spectral': 1}","{0: 0, 1: 0, 2: 0, 3: 0}","{0: 106, 1: 3745, 2: 13730, 3: 4503}","(2, 8)",300.0,20.0,6.0,0.1,0.4,0.1,3.0,
population,123,55,20,greedy_random,7.0,643.556,644.4745,643.102,643.9915,0.0007054553139121,0.0007494478059256,-4.399249201347821e-05,20,{0: 20},topk,0.54,55.0,"(1, 0)","[1, 1, 1, 1, 1, 1, 1, 1, 1, 1, 1, 1, 1, 1, 1, 1, 1, 1, 1, 1, 1, 1, 1, 1, 1, 1, 1, 1, 1, 1, 1, 1, 1, 1, 1, 1, 1, 1, 1, 1, 1, 1, 1, 1, 1, 1, 1, 1, 1, 1, 1, 1, 1, 1, 1]",,,,,,,,,,,,,,,,,,,,,
population,123,55,20,greedy_probability,,643.556,644.4745,331.552,333.843,0.4848125104885977,0.481991917445919,0.0028205930426786,20,{0: 20},topk,0.29,55.0,"(4, 1)","[24, 10, 5, 5, 4, 3, 2, 1, 1]",,,,,,,,,,,,,,,,,,,,,
population,123,55,20,greedy_degree,,643.556,644.4745,643.468,643.44,0.000136740237058,0.0016051837582402,-0.0014684435211822,20,{0: 20},topk,0.59,55.0,"(1, 0)","[4, 3, 3, 2, 2, 2, 2, 2, 2, 1, 1, 1, 1, 1, 1, 1, 1, 1, 1, 1, 1, 1, 1, 1, 1, 1, 1, 1, 1, 1, 1, 1, 1, 1, 1, 1, 1, 1, 1, 1, 1, 1]",,,,,,,,,,,,,,,,,,,,,
population,123,55,20,greedy_bridge,,643.556,644.4745,642.526,643.44,0.001600482320109,0.0016051837582402,-4.701438131249347e-06,20,{0: 20},topk,0.57,55.0,"(16, 35)","[51, 4]",,,,,,,,,,,,,,,,,,,,,
population,123,55,20,greedy_betweenness,,643.556,644.4745,642.3,640.5655,0.0019516561107348,0.0060654067771493,-0.0041137506664145,20,{0: 20},topk,0.57,55.0,"(1, 0)","[1, 1, 1, 1, 1, 1, 1, 1, 1, 1, 1, 1, 1, 1, 1, 1, 1, 1, 1, 1, 1, 1, 1, 1, 1, 1, 1, 1, 1, 1, 1, 1, 1, 1, 1, 1, 1, 1, 1, 1, 1, 1, 1, 1, 1, 1, 1, 1, 1, 1, 1, 1, 1, 1, 1]",,,,,,,,,,,,,,,,,,,,,
population,123,55,20,greedy_spectral,,643.556,644.4745,643.468,643.438,0.000136740237058,0.0016082870617845,-0.0014715468247264,20,{0: 20},topk,0.56,55.0,"(1, 0)","[1, 1, 1, 1, 1, 1, 1, 1, 1, 1, 1, 1, 1, 1, 1, 1, 1, 1, 1, 1, 1, 1, 1, 1, 1, 1, 1, 1, 1, 1, 1, 1, 1, 1, 1, 1, 1, 1, 1, 1, 1, 1, 1, 1, 1, 1, 1, 1, 1, 1, 1, 1, 1, 1, 1]",,,,,,,,,,,,,,,,,,,,,
population,123,55,20,alns,7.0,643.556,644.4745,631.38,638.94,0.0189198764365494,0.0085876167327023,0.0103322597038471,20,"{0: 12, 2: 4, 3: 4}",max_iter,49.28,,,,300.0,300.0,"{0: 8.33910320959223, 1: 7.3542319163526635, 2: 8.891927330746356, 3: 8.478104852476287}","{'random': 7.759203207463635, 'probability': 9.794150998955224, 'degree': 6.553684840599001, 'bridge': 8.375586250814349, 'betweenness': 8.133661704834864, 'spectral': 7.706726769413724}","{'random': 7.882287019735788, 'worst': 8.53678460388638, 'related': 8.727403557607465}","{'random': 1, 'probability': 5, 'degree': 0, 'bridge': 4, 'betweenness': 1, 'spectral': 3}","{2: 5, 1: 3, 0: 4, 3: 2}","{0: 4, 1: 3, 2: 5, 3: 2}","{0: 68, 1: 73, 2: 94, 3: 65}","{'random': 1, 'probability': 0, 'degree': 4, 'bridge': 0, 'betweenness': 1, 'spectral': 3}","{0: 0, 1: 0, 2: 0, 3: 0}","{0: 55, 1: 2927, 2: 13240, 3: 5617}","(2, 8)",300.0,20.0,6.0,0.1,0.4,0.1,3.0,
k-sweep,13,92,3,greedy_random,7.0,643.556,644.473,643.326,644.2355,0.0003573892559466,0.000368518153592,-1.1128897645429348e-05,3,{0: 3},topk,0.58,92.0,"(1, 0)","[1, 1, 1, 1, 1, 1, 1, 1, 1, 1, 1, 1, 1, 1, 1, 1, 1, 1, 1, 1, 1, 1, 1, 1, 1, 1, 1, 1, 1, 1, 1, 1, 1, 1, 1, 1, 1, 1, 1, 1, 1, 1, 1, 1, 1, 1, 1, 1, 1, 1, 1, 1, 1, 1, 1, 1, 1, 1, 1, 1, 1, 1, 1, 1, 1, 1, 1, 1, 1, 1, 1, 1, 1, 1, 1, 1, 1, 1, 1, 1, 1, 1, 1, 1, 1, 1, 1, 1, 1, 1, 1, 1]",,,,,,,,,,,,,,,,,,,,,
k-sweep,13,92,3,greedy_probability,,643.556,644.473,641.03,643.831,0.0039250663500923,0.0009961627562363,0.002928903593856,3,{0: 3},topk,0.56,92.0,"(1, 1)","[53, 14, 12, 7, 2, 1, 1, 1, 1]",,,,,,,,,,,,,,,,,,,,,
k-sweep,13,92,3,greedy_degree,,643.556,644.473,643.556,644.473,0.0,0.0,0.0,3,{0: 3},topk,0.56,92.0,"(1, 0)","[9, 8, 7, 6, 6, 4, 3, 3, 2, 2, 2, 2, 2, 2, 2, 2, 2, 1, 1, 1, 1, 1, 1, 1, 1, 1, 1, 1, 1, 1, 1, 1, 1, 1, 1, 1, 1, 1, 1, 1, 1, 1, 1, 1, 1]",,,,,,,,,,,,,,,,,,,,,
k-sweep,13,92,3,greedy_bridge,,643.556,644.473,643.514,644.404,6.52623858685697e-05,0.0001070642214645,-4.180183559598927e-05,3,{0: 3},topk,0.53,92.0,"(3, 18)","[71, 21]",,,,,,,,,,,,,,,,,,,,,
k-sweep,13,92,3,greedy_betweenness,,643.556,644.473,643.556,644.473,0.0,0.0,0.0,3,{0: 3},topk,0.0,92.0,"(1, 0)","[16, 3, 2, 1, 1, 1, 1, 1, 1, 1, 1, 1, 1, 1, 1, 1, 1, 1, 1, 1, 1, 1, 1, 1, 1, 1, 1, 1, 1, 1, 1, 1, 1, 1, 1, 1, 1, 1, 1, 1, 1, 1, 1, 1, 1, 1, 1, 1, 1, 1, 1, 1, 1, 1, 1, 1, 1, 1, 1, 1, 1, 1, 1, 1, 1, 1, 1, 1, 1, 1, 1, 1, 1, 1]",,,,,,,,,,,,,,,,,,,,,
k-sweep,13,92,3,greedy_spectral,,643.556,644.473,643.556,644.473,0.0,0.0,0.0,3,{0: 3},topk,0.0,92.0,"(1, 0)","[7, 6, 2, 1, 1, 1, 1, 1, 1, 1, 1, 1, 1, 1, 1, 1, 1, 1, 1, 1, 1, 1, 1, 1, 1, 1, 1, 1, 1, 1, 1, 1, 1, 1, 1, 1, 1, 1, 1, 1, 1, 1, 1, 1, 1, 1, 1, 1, 1, 1, 1, 1, 1, 1, 1, 1, 1, 1, 1, 1, 1, 1, 1, 1, 1, 1, 1, 1, 1, 1, 1, 1, 1, 1, 1, 1, 1, 1, 1, 1]",,,,,,,,,,,,,,,,,,,,,
k-sweep,13,92,3,alns,7.0,643.556,644.473,642.53,643.4275,0.0015942668547881,0.0016222557034971,-2.7988848709026293e-05,3,"{1: 2, 3: 1}",max_iter,44.29,,,,300.0,297.0,"{0: 4.670301226080728, 1: 5.681435574528348, 2: 6.375627145625131, 3: 6.44697727116437}","{'random': 7.258061290009741, 'probability': 6.690383519953754, 'degree': 4.918842833924211, 'bridge': 6.414207409816946, 'betweenness': 4.969866055599761, 'spectral': 3.8359627542149495}","{'random': 6.280899496933566, 'worst': 5.415106919158987, 'related': 5.776231047810775}","{'random': 2, 'probability': 3, 'degree': 0, 'bridge': 1, 'betweenness': 2, 'spectral': 0}","{0: 1, 2: 4, 3: 2, 1: 1}","{0: 1, 1: 1, 2: 4, 3: 2}","{0: 83, 1: 72, 2: 80, 3: 65}","{'random': 14, 'probability': 23, 'degree': 20, 'bridge': 7, 'betweenness': 24, 'spectral': 23}","{0: 0, 1: 0, 2: 0, 3: 0}","{0: 92, 1: 2482, 2: 13311, 3: 6024}","(1, 1)",300.0,20.0,6.0,0.1,0.4,0.1,3.0,
k-sweep,13,92,5,greedy_random,7.0,643.556,644.473,643.282,644.19,0.0004257593744755,0.0004391184735433,-1.3359099067855595e-05,5,{0: 5},topk,0.54,92.0,"(1, 0)","[1, 1, 1, 1, 1, 1, 1, 1, 1, 1, 1, 1, 1, 1, 1, 1, 1, 1, 1, 1, 1, 1, 1, 1, 1, 1, 1, 1, 1, 1, 1, 1, 1, 1, 1, 1, 1, 1, 1, 1, 1, 1, 1, 1, 1, 1, 1, 1, 1, 1, 1, 1, 1, 1, 1, 1, 1, 1, 1, 1, 1, 1, 1, 1, 1, 1, 1, 1, 1, 1, 1, 1, 1, 1, 1, 1, 1, 1, 1, 1, 1, 1, 1, 1, 1, 1, 1, 1, 1, 1, 1, 1]",,,,,,,,,,,,,,,,,,,,,
k-sweep,13,92,5,greedy_probability,,643.556,644.473,639.886,642.6475,0.0057026894318443,0.0028325469026629,0.0028701425291813,5,{0: 5},topk,0.57,92.0,"(1, 0)","[53, 14, 12, 7, 2, 1, 1, 1, 1]",,,,,,,,,,,,,,,,,,,,,
k-sweep,13,92,5,greedy_degree,,643.556,644.473,643.556,644.454,0.0,2.94814522874276e-05,-2.94814522874276e-05,5,{0: 5},topk,0.57,92.0,"(1, 0)","[9, 8, 7, 6, 6, 4, 3, 3, 2, 2, 2, 2, 2, 2, 2, 2, 2, 1, 1, 1, 1, 1, 1, 1, 1, 1, 1, 1, 1, 1, 1, 1, 1, 1, 1, 1, 1, 1, 1, 1, 1, 1, 1, 1, 1]",,,,,,,,,,,,,,,,,,,,,
k-sweep,13,92,5,greedy_bridge,,643.556,644.473,643.436,644.3245,0.0001864639596242,0.0002304208244565,-4.395686483227301e-05,5,{0: 5},topk,0.59,92.0,"(5, 16)","[71, 21]",,,,,,,,,,,,,,,,,,,,,
k-sweep,13,92,5,greedy_betweenness,,643.556,644.473,643.556,644.454,0.0,2.94814522874276e-05,-2.94814522874276e-05,5,{0: 5},topk,0.57,92.0,"(1, 0)","[16, 3, 2, 1, 1, 1, 1, 1, 1, 1, 1, 1, 1, 1, 1, 1, 1, 1, 1, 1, 1, 1, 1, 1, 1, 1, 1, 1, 1, 1, 1, 1, 1, 1, 1, 1, 1, 1, 1, 1, 1, 1, 1, 1, 1, 1, 1, 1, 1, 1, 1, 1, 1, 1, 1, 1, 1, 1, 1, 1, 1, 1, 1, 1, 1, 1, 1, 1, 1, 1, 1, 1, 1, 1]",,,,,,,,,,,,,,,,,,,,,
k-sweep,13,92,5,greedy_spectral,,643.556,644.473,643.556,644.454,0.0,2.94814522874276e-05,-2.94814522874276e-05,5,{0: 5},topk,0.54,92.0,"(1, 0)","[7, 6, 2, 1, 1, 1, 1, 1, 1, 1, 1, 1, 1, 1, 1, 1, 1, 1, 1, 1, 1, 1, 1, 1, 1, 1, 1, 1, 1, 1, 1, 1, 1, 1, 1, 1, 1, 1, 1, 1, 1, 1, 1, 1, 1, 1, 1, 1, 1, 1, 1, 1, 1, 1, 1, 1, 1, 1, 1, 1, 1, 1, 1, 1, 1, 1, 1, 1, 1, 1, 1, 1, 1, 1, 1, 1, 1, 1, 1, 1]",,,,,,,,,,,,,,,,,,,,,
k-sweep,13,92,5,alns,7.0,643.556,644.473,640.268,641.3115,0.0051091124937068,0.0049055584950803,0.0002035539986264,5,"{0: 1, 1: 3, 2: 1}",max_iter,49.3,,,,300.0,301.0,"{0: 6.809491718448265, 1: 7.985738229145798, 2: 8.513075365318556, 3: 6.5129382092996195}","{'random': 8.123989171580284, 'probability': 8.711086091801471, 'degree': 6.199843636504823, 'bridge': 8.225568060741063, 'betweenness': 6.4482250614672845, 'spectral': 6.064308573243901}","{'random': 7.796930036992071, 'worst': 7.259448506238218, 'related': 7.83674339874552}","{'random': 4, 'probability': 6, 'degree': 2, 'bridge': 4, 'betweenness': 0, 'spectral': 0}","{3: 4, 2: 6, 1: 5, 0: 1}","{0: 1, 1: 5, 2: 6, 3: 4}","{0: 68, 1: 78, 2: 81, 3: 73}","{'random': 7, 'probability': 13, 'degree': 14, 'bridge': 7, 'betweenness': 11, 'spectral': 11}","{0: 0, 1: 0, 2: 0, 3: 0}","{0: 92, 1: 2482, 2: 13311, 3: 6024}","(1, 2)",300.0,20.0,6.0,0.1,0.4,0.1,3.0,
k-sweep,13,92,10,greedy_random,7.0,643.556,644.473,643.248,644.1545,0.0004785908297024,0.0004942022396593,-1.5611409956872713e-05,10,{0: 10},topk,0.75,92.0,"(1, 0)","[1, 1, 1, 1, 1, 1, 1, 1, 1, 1, 1, 1, 1, 1, 1, 1, 1, 1, 1, 1, 1, 1, 1, 1, 1, 1, 1, 1, 1, 1, 1, 1, 1, 1, 1, 1, 1, 1, 1, 1, 1, 1, 1, 1, 1, 1, 1, 1, 1, 1, 1, 1, 1, 1, 1, 1, 1, 1, 1, 1, 1, 1, 1, 1, 1, 1, 1, 1, 1, 1, 1, 1, 1, 1, 1, 1, 1, 1, 1, 1, 1, 1, 1, 1, 1, 1, 1, 1, 1, 1, 1, 1]",,,,,,,,,,,,,,,,,,,,,
k-sweep,13,92,10,greedy_probability,,643.556,644.473,597.3,595.712,0.0718756409698613,0.0756602681570833,-0.003784627187222,10,{0: 10},topk,0.68,92.0,"(5, 2)","[53, 14, 12, 7, 2, 1, 1, 1, 1]",,,,,,,,,,,,,,,,,,,,,
k-sweep,13,92,10,greedy_degree,,643.556,644.473,643.556,644.454,0.0,2.94814522874276e-05,-2.94814522874276e-05,10,{0: 10},topk,0.71,92.0,"(1, 0)","[9, 8, 7, 6, 6, 4, 3, 3, 2, 2, 2, 2, 2, 2, 2, 2, 2, 1, 1, 1, 1, 1, 1, 1, 1, 1, 1, 1, 1, 1, 1, 1, 1, 1, 1, 1, 1, 1, 1, 1, 1, 1, 1, 1, 1]",,,,,,,,,,,,,,,,,,,,,
k-sweep,13,92,10,greedy_bridge,,643.556,644.473,643.362,644.233,0.0003014500680594,0.000372397292051,-7.094722399159092e-05,10,{0: 10},topk,0.73,92.0,"(10, 11)","[71, 21]",,,,,,,,,,,,,,,,,,,,,
k-sweep,13,92,10,greedy_betweenness,,643.556,644.473,643.554,644.453,3.107732660545537e-06,3.103310767094136e-05,-2.7925375010395825e-05,10,{0: 10},topk,0.73,92.0,"(1, 0)","[16, 3, 2, 1, 1, 1, 1, 1, 1, 1, 1, 1, 1, 1, 1, 1, 1, 1, 1, 1, 1, 1, 1, 1, 1, 1, 1, 1, 1, 1, 1, 1, 1, 1, 1, 1, 1, 1, 1, 1, 1, 1, 1, 1, 1, 1, 1, 1, 1, 1, 1, 1, 1, 1, 1, 1, 1, 1, 1, 1, 1, 1, 1, 1, 1, 1, 1, 1, 1, 1, 1, 1, 1, 1]",,,,,,,,,,,,,,,,,,,,,
k-sweep,13,92,10,greedy_spectral,,643.556,644.473,643.554,644.4535,3.107732660545537e-06,3.025727997918448e-05,-2.7149547318638945e-05,10,{0: 10},topk,0.73,92.0,"(1, 0)","[7, 6, 2, 1, 1, 1, 1, 1, 1, 1, 1, 1, 1, 1, 1, 1, 1, 1, 1, 1, 1, 1, 1, 1, 1, 1, 1, 1, 1, 1, 1, 1, 1, 1, 1, 1, 1, 1, 1, 1, 1, 1, 1, 1, 1, 1, 1, 1, 1, 1, 1, 1, 1, 1, 1, 1, 1, 1, 1, 1, 1, 1, 1, 1, 1, 1, 1, 1, 1, 1, 1, 1, 1, 1, 1, 1, 1, 1, 1, 1]",,,,,,,,,,,,,,,,,,,,,
k-sweep,13,92,10,alns,7.0,643.556,644.473,635.148,634.9895,0.0130649081043452,0.0147151238298577,-0.0016502157255124,10,"{0: 9, 2: 1}",max_iter,60.78,,,,300.0,300.0,"{0: 8.252552154685992, 1: 7.886139704979776, 2: 6.454942279189217, 3: 7.140112049325394}","{'random': 8.191428937063037, 'probability': 8.282907079334821, 'degree': 6.1515315416394, 'bridge': 6.9503226242556915, 'betweenness': 6.220459747934024, 'spectral': 8.090890861998297}","{'random': 7.095043901689301, 'worst': 7.110205340349605, 'related': 8.185856691825721}","{'random': 4, 'probability': 6, 'degree': 1, 'bridge': 3, 'betweenness': 1, 'spectral': 1}","{1: 4, 0: 7, 2: 3, 3: 2}","{0: 7, 1: 4, 2: 3, 3: 2}","{0: 86, 1: 78, 2: 67, 3: 69}","{'random': 5, 'probability': 4, 'degree': 7, 'bridge': 2, 'betweenness': 11, 'spectral': 8}","{0: 0, 1: 0, 2: 0, 3: 0}","{0: 92, 1: 2482, 2: 13311, 3: 6024}","(1, 4)",300.0,20.0,6.0,0.1,0.4,0.1,3.0,
k-sweep,13,92,15,greedy_random,7.0,643.556,644.473,643.166,644.056,0.000606007868779,0.0006470402949385,-4.1032426159492985e-05,15,{0: 15},topk,0.77,92.0,"(1, 0)","[1, 1, 1, 1, 1, 1, 1, 1, 1, 1, 1, 1, 1, 1, 1, 1, 1, 1, 1, 1, 1, 1, 1, 1, 1, 1, 1, 1, 1, 1, 1, 1, 1, 1, 1, 1, 1, 1, 1, 1, 1, 1, 1, 1, 1, 1, 1, 1, 1, 1, 1, 1, 1, 1, 1, 1, 1, 1, 1, 1, 1, 1, 1, 1, 1, 1, 1, 1, 1, 1, 1, 1, 1, 1, 1, 1, 1, 1, 1, 1, 1, 1, 1, 1, 1, 1, 1, 1, 1, 1, 1, 1]",,,,,,,,,,,,,,,,,,,,,
k-sweep,13,92,15,greedy_probability,,643.556,644.473,525.852,510.077,0.1828962825301917,0.2085362769270395,-0.0256399943968478,15,{0: 15},topk,0.6,92.0,"(2, 10)","[53, 14, 12, 7, 2, 1, 1, 1, 1]",,,,,,,,,,,,,,,,,,,,,
k-sweep,13,92,15,greedy_degree,,643.556,644.473,643.552,644.4525,6.215465320869029e-06,3.180893536269824e-05,-2.559347004182921e-05,15,{0: 15},topk,0.75,92.0,"(1, 0)","[9, 8, 7, 6, 6, 4, 3, 3, 2, 2, 2, 2, 2, 2, 2, 2, 2, 1, 1, 1, 1, 1, 1, 1, 1, 1, 1, 1, 1, 1, 1, 1, 1, 1, 1, 1, 1, 1, 1, 1, 1, 1, 1, 1, 1]",,,,,,,,,,,,,,,,,,,,,
k-sweep,13,92,15,greedy_bridge,,643.556,644.473,643.274,644.1325,0.0004381903051172,0.0005283386580972,-9.014835297993518e-05,15,{0: 15},topk,0.72,92.0,"(15, 6)","[71, 21]",,,,,,,,,,,,,,,,,,,,,
k-sweep,13,92,15,greedy_betweenness,,643.556,644.473,643.544,644.447,1.8646395962496065e-05,4.034303997213495e-05,-2.1696644009638888e-05,15,{0: 15},topk,0.74,92.0,"(1, 0)","[16, 3, 2, 1, 1, 1, 1, 1, 1, 1, 1, 1, 1, 1, 1, 1, 1, 1, 1, 1, 1, 1, 1, 1, 1, 1, 1, 1, 1, 1, 1, 1, 1, 1, 1, 1, 1, 1, 1, 1, 1, 1, 1, 1, 1, 1, 1, 1, 1, 1, 1, 1, 1, 1, 1, 1, 1, 1, 1, 1, 1, 1, 1, 1, 1, 1, 1, 1, 1, 1, 1, 1, 1, 1]",,,,,,,,,,,,,,,,,,,,,
k-sweep,13,92,15,greedy_spectral,,643.556,644.473,643.552,644.4525,6.215465320869029e-06,3.180893536269824e-05,-2.559347004182921e-05,15,{0: 15},topk,0.76,92.0,"(1, 0)","[7, 6, 2, 1, 1, 1, 1, 1, 1, 1, 1, 1, 1, 1, 1, 1, 1, 1, 1, 1, 1, 1, 1, 1, 1, 1, 1, 1, 1, 1, 1, 1, 1, 1, 1, 1, 1, 1, 1, 1, 1, 1, 1, 1, 1, 1, 1, 1, 1, 1, 1, 1, 1, 1, 1, 1, 1, 1, 1, 1, 1, 1, 1, 1, 1, 1, 1, 1, 1, 1, 1, 1, 1, 1, 1, 1, 1, 1, 1, 1]",,,,,,,,,,,,,,,,,,,,,
k-sweep,13,92,15,alns,7.0,643.556,644.473,563.866,553.8335,0.123827607853862,0.1406412681369119,-0.0168136602830498,15,"{0: 13, 1: 1, 2: 1}",max_iter,57.98,,,,300.0,300.0,"{0: 5.735988190113576, 1: 3.188594526261925, 2: 4.168834010468435, 3: 2.5155044736935817}","{'random': 2.8563029604086596, 'probability': 6.648294788538972, 'degree': 3.5560293132907375, 'bridge': 2.9492523502084818, 'betweenness': 3.826493906040676, 'spectral': 2.902485371394486}","{'random': 4.125888731047364, 'worst': 5.237515410531415, 'related': 3.1217820364801367}","{'random': 1, 'probability': 10, 'degree': 0, 'bridge': 0, 'betweenness': 1, 'spectral': 0}","{0: 9, 2: 2, 1: 1}","{0: 9, 1: 1, 2: 2, 3: 0}","{0: 86, 1: 80, 2: 82, 3: 52}","{'random': 4, 'probability': 2, 'degree': 4, 'bridge': 2, 'betweenness': 6, 'spectral': 9}","{0: 0, 1: 0, 2: 0, 3: 0}","{0: 92, 1: 2482, 2: 13311, 3: 6024}","(1, 6)",300.0,20.0,6.0,0.1,0.4,0.1,3.0,
k-sweep,13,92,20,greedy_random,7.0,643.556,644.473,643.112,644.008,0.0006899166506101,0.0007215197533487,-3.1603102738642086e-05,20,{0: 20},topk,0.0,92.0,"(1, 0)","[1, 1, 1, 1, 1, 1, 1, 1, 1, 1, 1, 1, 1, 1, 1, 1, 1, 1, 1, 1, 1, 1, 1, 1, 1, 1, 1, 1, 1, 1, 1, 1, 1, 1, 1, 1, 1, 1, 1, 1, 1, 1, 1, 1, 1, 1, 1, 1, 1, 1, 1, 1, 1, 1, 1, 1, 1, 1, 1, 1, 1, 1, 1, 1, 1, 1, 1, 1, 1, 1, 1, 1, 1, 1, 1, 1, 1, 1, 1, 1, 1, 1, 1, 1, 1, 1, 1, 1, 1, 1, 1, 1]",,,,,,,,,,,,,,,,,,,,,
k-sweep,13,92,20,greedy_probability,,643.556,644.473,424.326,392.285,0.3406541155703622,0.3913088678656824,-0.0506547522953202,20,{0: 20},topk,0.0,92.0,"(7, 5)","[53, 14, 12, 7, 2, 1, 1, 1, 1]",,,,,,,,,,,,,,,,,,,,,
k-sweep,13,92,20,greedy_degree,,643.556,644.473,643.536,644.438,3.1077326604234123e-05,5.430793842409187e-05,-2.323061181985775e-05,20,{0: 20},topk,0.0,92.0,"(1, 0)","[9, 8, 7, 6, 6, 4, 3, 3, 2, 2, 2, 2, 2, 2, 2, 2, 2, 1, 1, 1, 1, 1, 1, 1, 1, 1, 1, 1, 1, 1, 1, 1, 1, 1, 1, 1, 1, 1, 1, 1, 1, 1, 1, 1, 1]",,,,,,,,,,,,,,,,,,,,,
k-sweep,13,92,20,greedy_bridge,,643.556,644.473,643.182,644.0475,0.0005811460074959,0.0006602293656987,-7.908335820283607e-05,20,{0: 20},topk,0.0,92.0,"(20, 1)","[71, 21]",,,,,,,,,,,,,,,,,,,,,
k-sweep,13,92,20,greedy_betweenness,,643.556,644.473,642.966,643.9315,0.0009167811348197,0.00084022139019,7.655974462972281e-05,20,{0: 20},topk,0.0,92.0,"(1, 0)","[16, 3, 2, 1, 1, 1, 1, 1, 1, 1, 1, 1, 1, 1, 1, 1, 1, 1, 1, 1, 1, 1, 1, 1, 1, 1, 1, 1, 1, 1, 1, 1, 1, 1, 1, 1, 1, 1, 1, 1, 1, 1, 1, 1, 1, 1, 1, 1, 1, 1, 1, 1, 1, 1, 1, 1, 1, 1, 1, 1, 1, 1, 1, 1, 1, 1, 1, 1, 1, 1, 1, 1, 1, 1]",,,,,,,,,,,,,,,,,,,,,
k-sweep,13,92,20,greedy_spectral,,643.556,644.473,642.916,643.9055,0.0009944744513298,0.0008805644301622,0.0001139100211675,20,{0: 20},topk,0.0,92.0,"(1, 0)","[7, 6, 2, 1, 1, 1, 1, 1, 1, 1, 1, 1, 1, 1, 1, 1, 1, 1, 1, 1, 1, 1, 1, 1, 1, 1, 1, 1, 1, 1, 1, 1, 1, 1, 1, 1, 1, 1, 1, 1, 1, 1, 1, 1, 1, 1, 1, 1, 1, 1, 1, 1, 1, 1, 1, 1, 1, 1, 1, 1, 1, 1, 1, 1, 1, 1, 1, 1, 1, 1, 1, 1, 1, 1, 1, 1, 1, 1, 1, 1]",,,,,,,,,,,,,,,,,,,,,
k-sweep,13,92,20,alns,7.0,643.556,644.473,620.198,620.9385,0.0362952097408773,0.0365174336240617,-0.0002222238831844,20,"{0: 14, 1: 3, 3: 3}",max_iter,2.11,,,,300.0,301.0,"{0: 8.26653071150192, 1: 8.1214476356099, 2: 6.135559288888277, 3: 7.645159786153088}","{'random': 5.925709928245092, 'probability': 9.17463821316303, 'degree': 7.9946568841194345, 'bridge': 6.688137254623659, 'betweenness': 7.993667464298191, 'spectral': 6.22422100416672}","{'random': 7.247806802824141, 'worst': 7.640078628108332, 'related': 7.824192348116416}","{'random': 0, 'probability': 7, 'degree': 0, 'bridge': 1, 'betweenness': 3, 'spectral': 0}","{0: 4, 3: 1, 1: 5, 2: 1}","{0: 4, 1: 5, 2: 1, 3: 1}","{0: 84, 1: 75, 2: 65, 3: 76}","{'random': 1, 'probability': 0, 'degree': 2, 'bridge': 3, 'betweenness': 1, 'spectral': 1}","{0: 0, 1: 0, 2: 0, 3: 0}","{0: 92, 1: 2482, 2: 13311, 3: 6024}","(2, 8)",300.0,20.0,6.0,0.1,0.4,0.1,3.0,
population,96,44,10,greedy_random,7.0,644.75,645.7155,644.326,645.238,0.0006576192322604,0.0007394897598089,-8.187052754848878e-05,10,{0: 10},topk,0.74,44.0,"(1, 0)","[1, 1, 1, 1, 1, 1, 1, 1, 1, 1, 1, 1, 1, 1, 1, 1, 1, 1, 1, 1, 1, 1, 1, 1, 1, 1, 1, 1, 1, 1, 1, 1, 1, 1, 1, 1, 1, 1, 1, 1, 1, 1, 1, 1]",,,,,,,,,,,,,,,,,,,,,
population,96,44,10,greedy_probability,,644.75,645.7155,402.384,397.402,0.3759069406746801,0.3845555821410513,-0.0086486414663712,10,{0: 10},topk,0.47,44.0,"(1, 0)","[24, 7, 6, 3, 3, 1]",,,,,,,,,,,,,,,,,,,,,
population,96,44,10,greedy_degree,,644.75,645.7155,557.378,578.0285,0.1355129895308258,0.1048248028737114,0.0306881866571143,10,{0: 10},topk,0.68,44.0,"(1, 0)","[3, 2, 2, 2, 2, 1, 1, 1, 1, 1, 1, 1, 1, 1, 1, 1, 1, 1, 1, 1, 1, 1, 1, 1, 1, 1, 1, 1, 1, 1, 1, 1, 1, 1, 1, 1, 1, 1]",,,,,,,,,,,,,,,,,,,,,
population,96,44,10,greedy_bridge,,644.75,645.7155,641.882,642.337,0.0044482357502908,0.0052321804262094,-0.0007839446759185,10,{0: 10},topk,0.78,44.0,"(5, 34)","[39, 5]",,,,,,,,,,,,,,,,,,,,,
population,96,44,10,greedy_betweenness,,644.75,645.7155,557.254,577.7055,0.1357053121364869,0.1053250231719696,0.0303802889645172,10,{0: 10},topk,0.65,44.0,"(1, 0)","[4, 1, 1, 1, 1, 1, 1, 1, 1, 1, 1, 1, 1, 1, 1, 1, 1, 1, 1, 1, 1, 1, 1, 1, 1, 1, 1, 1, 1, 1, 1, 1, 1, 1, 1, 1, 1, 1, 1, 1, 1]",,,,,,,,,,,,,,,,,,,,,
population,96,44,10,greedy_spectral,,644.75,645.7155,557.3,577.384,0.1356339666537418,0.1058229204657469,0.0298110461879949,10,{0: 10},topk,0.65,44.0,"(1, 0)","[2, 1, 1, 1, 1, 1, 1, 1, 1, 1, 1, 1, 1, 1, 1, 1, 1, 1, 1, 1, 1, 1, 1, 1, 1, 1, 1, 1, 1, 1, 1, 1, 1, 1, 1, 1, 1, 1, 1, 1, 1, 1, 1]",,,,,,,,,,,,,,,,,,,,,
population,96,44,10,alns,7.0,644.75,645.7155,639.406,640.3975,0.0082884839084917,0.0082358252202401,5.265868825166109e-05,10,"{0: 4, 1: 3, 2: 1, 3: 2}",max_iter,65.34,,,,300.0,300.0,"{0: 6.967585366072679, 1: 6.650879383642532, 2: 7.557208536554181, 3: 5.959398410502128}","{'random': 6.837816344357331, 'probability': 7.021606694605242, 'degree': 6.561956787214232, 'bridge': 6.703204071108699, 'betweenness': 7.236736386228047, 'spectral': 6.336866067810412}","{'random': 6.0276605246365795, 'worst': 6.744447156485123, 'related': 6.705097871462192}","{'random': 1, 'probability': 1, 'degree': 0, 'bridge': 1, 'betweenness': 1, 'spectral': 0}","{0: 1, 1: 1, 2: 2}","{0: 1, 1: 1, 2: 2, 3: 0}","{0: 87, 1: 70, 2: 78, 3: 65}","{'random': 4, 'probability': 4, 'degree': 9, 'bridge': 4, 'betweenness': 6, 'spectral': 8}","{0: 0, 1: 0, 2: 0, 3: 0}","{0: 44, 1: 2612, 2: 14231, 3: 5103}","(1, 4)",300.0,20.0,6.0,0.1,0.4,0.1,3.0,
population,3507,17,5,greedy_random,7.0,646.734,647.659,645.248,646.1415,0.0022976988993929,0.002343053983655,-4.535508426217749e-05,5,{0: 5},topk,0.73,17.0,"(1, 0)","[1, 1, 1, 1, 1, 1, 1, 1, 1, 1, 1, 1, 1, 1, 1, 1, 1]",,,,,,,,,,,,,,,,,,,,,
population,3507,17,5,greedy_probability,,646.734,647.659,640.534,643.6795,0.0095866306704147,0.0061444371189159,0.0034421935514987,5,{0: 5},topk,0.72,17.0,"(5, 0)","[5, 5, 2, 2, 1, 1, 1]",,,,,,,,,,,,,,,,,,,,,
population,3507,17,5,greedy_degree,,646.734,647.659,641.532,645.376,0.0080434923786285,0.0035250031266453,0.0045184892519831,5,{0: 5},topk,0.71,17.0,"(1, 0)","[2, 2, 1, 1, 1, 1, 1, 1, 1, 1, 1, 1, 1, 1, 1]",,,,,,,,,,,,,,,,,,,,,
population,3507,17,5,greedy_bridge,,646.734,647.659,645.734,646.3265,0.0015462307532927,0.0020574098406722,-0.0005111790873795,5,{0: 5},topk,0.73,17.0,"(4, 12)","[16, 1]",,,,,,,,,,,,,,,,,,,,,
population,3507,17,5,greedy_betweenness,,646.734,647.659,642.926,645.768,0.0058880467085385,0.0029197463480009,0.0029683003605376,5,{0: 5},topk,0.73,17.0,"(1, 0)","[1, 1, 1, 1, 1, 1, 1, 1, 1, 1, 1, 1, 1, 1, 1, 1, 1]",,,,,,,,,,,,,,,,,,,,,
population,3507,17,5,greedy_spectral,,646.734,647.659,642.832,645.399,0.0060333923993481,0.0034894906115717,0.0025439017877764,5,{0: 5},topk,0.74,17.0,"(1, 0)","[1, 1, 1, 1, 1, 1, 1, 1, 1, 1, 1, 1, 1, 1, 1, 1, 1]",,,,,,,,,,,,,,,,,,,,,
population,3507,17,5,alns,7.0,646.734,647.659,314.666,309.0595,0.5134537537843997,0.5228052107667769,-0.0093514569823771,5,{0: 5},max_iter,46.83,,,,300.0,283.0,"{0: 2.950234990423966, 1: 1.886436848977944, 2: 1.6549319206392574, 3: 1.6294232754405453}","{'random': 1.7342232489270006, 'probability': 2.9930207299644467, 'degree': 1.7372849039114044, 'bridge': 2.388335393210401, 'betweenness': 1.8950001220606574, 'spectral': 1.42767162139923}","{'random': 1.8650667723541152, 'worst': 2.1030063115965953, 'related': 2.1688245005251443}","{'random': 2, 'probability': 2, 'degree': 1, 'bridge': 2, 'betweenness': 2, 'spectral': 0}","{1: 2, 0: 7}","{0: 7, 1: 2, 2: 0, 3: 0}","{0: 91, 1: 64, 2: 77, 3: 68}","{'random': 1, 'probability': 1, 'degree': 5, 'bridge': 0, 'betweenness': 7, 'spectral': 4}","{0: 0, 1: 0, 2: 0, 3: 0}","{0: 17, 1: 559, 2: 7495, 3: 11889}","(1, 2)",300.0,20.0,6.0,0.1,0.4,0.1,3.0,
probe500,96,44,10,alns,7.0,644.75,645.7155,525.454,536.6685,0.18502675455602957,0.1688777797652372,0.01614897479079236,10,{0: 10},max_iter,103.91,,,,500.0,500.0,"{0: 6.322012647143385, 1: 5.705989198189924, 2: 6.8149966737200875, 3: 5.354594137054717}","{'random': 5.648994789475595, 'probability': 6.395981798497335, 'degree': 5.156017787263396, 'bridge': 6.7440826393908715, 'betweenness': 5.5213387533913405, 'spectral': 6.259699323101721}","{'random': 6.287034353323858, 'worst': 6.824296167151868, 'related': 5.482000272092951}","{'random': 1, 'probability': 3, 'degree': 0, 'bridge': 2, 'betweenness': 2, 'spectral': 0}","{0: 3, 1: 1, 2: 4}","{0: 3, 1: 1, 2: 4, 3: 0}","{0: 127, 1: 109, 2: 140, 3: 124}","{'random': 10, 'probability': 7, 'degree': 13, 'bridge': 4, 'betweenness': 9, 'spectral': 11}","{0: 0, 1: 0, 2: 0, 3: 0}","{0: 44, 1: 2612, 2: 14231, 3: 5103}","(1, 4)",500.0,20.0,6.0,0.1,0.4,0.1,3.0,
probe1000,123,55,20,alns,7.0,643.556,644.4745,318.838,330.591,0.5045683670107963,0.4870378890087971,0.01753047800199925,20,{0: 20},max_iter,168.71,,,,1000.0,997.0,"{0: 1.0738521556873208, 1: 0.28414864325083933, 2: 0.280279254997229, 3: 0.3026069536443313}","{'random': 0.6026740939601023, 'probability': 1.7542685891126562, 'degree': 0.3852644029244749, 'bridge': 0.31405022324713516, 'betweenness': 0.3754543495727797, 'spectral': 0.388004509490193}","{'random': 0.42555250438838377, 'worst': 0.9222936973729955, 'related': 0.30407268851072367}","{'random': 4, 'probability': 10, 'degree': 2, 'bridge': 2, 'betweenness': 2, 'spectral': 3}","{2: 5, 1: 3, 0: 15}","{0: 15, 1: 3, 2: 5, 3: 0}","{0: 348, 1: 190, 2: 236, 3: 226}","{'random': 2, 'probability': 4, 'degree': 3, 'bridge': 1, 'betweenness': 3, 'spectral': 3}","{0: 0, 1: 0, 2: 0, 3: 0}","{0: 55, 1: 2927, 2: 13240, 3: 5617}","(2, 8)",1000.0,20.0,6.0,0.1,0.4,0.1,3.0,
k-sweep,13,92,30,greedy_random,7.0,643.556,644.473,642.74,643.655,0.0012679549254455136,0.0012692541037405691,-1.2991782950555475e-06,30,{0: 30},topk,0.74,92.0,"(1, 0)","[1, 1, 1, 1, 1, 1, 1, 1, 1, 1, 1, 1, 1, 1, 1, 1, 1, 1, 1, 1, 1, 1, 1, 1, 1, 1, 1, 1, 1, 1, 1, 1, 1, 1, 1, 1, 1, 1, 1, 1, 1, 1, 1, 1, 1, 1, 1, 1, 1, 1, 1, 1, 1, 1, 1, 1, 1, 1, 1, 1, 1, 1, 1, 1, 1, 1, 1, 1, 1, 1, 1, 1, 1, 1, 1, 1, 1, 1, 1, 1, 1, 1, 1, 1, 1, 1, 1, 1, 1, 1, 1, 1]",,,,,,,,,,,,,,,,,,,,,
k-sweep,13,92,30,greedy_probability,,643.556,644.473,193.492,195.406,0.6993392960363978,0.6967972281228227,0.00254206791357503,30,{0: 30},topk,0.22,92.0,"(5, 9)","[53, 14, 12, 7, 2, 1, 1, 1, 1]",,,,,,,,,,,,,,,,,,,,,
k-sweep,13,92,30,greedy_degree,,643.556,644.473,600.94,607.489,0.0662195675279229,0.05738642270506278,0.008833144822860128,30,{0: 30},topk,0.69,92.0,"(1, 0)","[9, 8, 7, 6, 6, 4, 3, 3, 2, 2, 2, 2, 2, 2, 2, 2, 2, 1, 1, 1, 1, 1, 1, 1, 1, 1, 1, 1, 1, 1, 1, 1, 1, 1, 1, 1, 1, 1, 1, 1, 1, 1, 1, 1, 1]",,,,,,,,,,,,,,,,,,,,,
k-sweep,13,92,30,greedy_bridge,,643.556,644.473,643.16,644.0135,0.0006153310667603717,0.0007129856487392283,-9.765458197885657e-05,30,{0: 30},topk,0.73,92.0,"(9, 62)","[71, 21]",,,,,,,,,,,,,,,,,,,,,
k-sweep,13,92,30,greedy_betweenness,,643.556,644.473,598.438,606.4355,0.07010734108609051,0.05902109165162839,0.011086249434462125,30,{0: 30},topk,0.68,92.0,"(1, 0)","[16, 3, 2, 1, 1, 1, 1, 1, 1, 1, 1, 1, 1, 1, 1, 1, 1, 1, 1, 1, 1, 1, 1, 1, 1, 1, 1, 1, 1, 1, 1, 1, 1, 1, 1, 1, 1, 1, 1, 1, 1, 1, 1, 1, 1, 1, 1, 1, 1, 1, 1, 1, 1, 1, 1, 1, 1, 1, 1, 1, 1, 1, 1, 1, 1, 1, 1, 1, 1, 1, 1, 1, 1, 1]",,,,,,,,,,,,,,,,,,,,,
k-sweep,13,92,30,greedy_spectral,,643.556,644.473,599.71,607.4045,0.06813082311407248,0.05751753758497247,0.010613285529100014,30,{0: 30},topk,0.68,92.0,"(1, 0)","[7, 6, 2, 1, 1, 1, 1, 1, 1, 1, 1, 1, 1, 1, 1, 1, 1, 1, 1, 1, 1, 1, 1, 1, 1, 1, 1, 1, 1, 1, 1, 1, 1, 1, 1, 1, 1, 1, 1, 1, 1, 1, 1, 1, 1, 1, 1, 1, 1, 1, 1, 1, 1, 1, 1, 1, 1, 1, 1, 1, 1, 1, 1, 1, 1, 1, 1, 1, 1, 1, 1, 1, 1, 1, 1, 1, 1, 1, 1, 1]",,,,,,,,,,,,,,,,,,,,,
k-sweep,13,92,30,alns,7.0,643.556,644.473,294.968,272.3095,0.5416591563127373,0.5774694983342978,-0.035810342021560526,30,{0: 30},max_iter,56.15,,,,300.0,301.0,"{0: 6.07107213086726, 1: 3.5284805339984073, 2: 3.1239358588187742, 3: 2.619685397835098}","{'random': 3.2507914797226447, 'probability': 6.956148667433335, 'degree': 4.790331782434171, 'bridge': 3.2551537649871607, 'betweenness': 3.175629816293515, 'spectral': 2.7733421675333703}","{'random': 3.996226067183775, 'worst': 4.131976258319431, 'related': 3.852271008116287}","{'random': 1, 'probability': 14, 'degree': 3, 'bridge': 1, 'betweenness': 2, 'spectral': 0}","{1: 4, 2: 5, 3: 1, 0: 11}","{0: 11, 1: 4, 2: 5, 3: 1}","{0: 81, 1: 72, 2: 83, 3: 64}","{'random': 0, 'probability': 0, 'degree': 0, 'bridge': 0, 'betweenness': 0, 'spectral': 2}","{0: 0, 1: 0, 2: 0, 3: 0}","{0: 92, 1: 2482, 2: 13311, 3: 6024}","(3, 12)",300.0,20.0,6.0,0.1,0.4,0.1,3.0,
k-sweep,13,92,45,greedy_random,7.0,643.556,644.473,641.876,642.8435,0.0026104954347407894,0.0025284224474880768,8.207298725271261e-05,45,{0: 45},topk,0.73,92.0,"(1, 0)","[1, 1, 1, 1, 1, 1, 1, 1, 1, 1, 1, 1, 1, 1, 1, 1, 1, 1, 1, 1, 1, 1, 1, 1, 1, 1, 1, 1, 1, 1, 1, 1, 1, 1, 1, 1, 1, 1, 1, 1, 1, 1, 1, 1, 1, 1, 1, 1, 1, 1, 1, 1, 1, 1, 1, 1, 1, 1, 1, 1, 1, 1, 1, 1, 1, 1, 1, 1, 1, 1, 1, 1, 1, 1, 1, 1, 1, 1, 1, 1, 1, 1, 1, 1, 1, 1, 1, 1, 1, 1, 1, 1]",,,,,,,,,,,,,,,,,,,,,
k-sweep,13,92,45,greedy_probability,,643.556,644.473,89.45,96.519,0.8610066567633585,0.8502357740355297,0.010770882727828779,45,{0: 45},topk,0.11,92.0,"(6, 47)","[53, 14, 12, 7, 2, 1, 1, 1, 1]",,,,,,,,,,,,,,,,,,,,,
k-sweep,13,92,45,greedy_degree,,643.556,644.473,469.896,461.5345,0.26984442690302013,0.2838575083828182,-0.014013081479798073,45,{0: 45},topk,0.54,92.0,"(1, 3)","[9, 8, 7, 6, 6, 4, 3, 3, 2, 2, 2, 2, 2, 2, 2, 2, 2, 1, 1, 1, 1, 1, 1, 1, 1, 1, 1, 1, 1, 1, 1, 1, 1, 1, 1, 1, 1, 1, 1, 1, 1, 1, 1, 1, 1]",,,,,,,,,,,,,,,,,,,,,
k-sweep,13,92,45,greedy_bridge,,643.556,644.473,603.024,612.4055,0.06298131009578034,0.049757709011859275,0.013223601083921066,45,{0: 45},topk,0.75,92.0,"(24, 47)","[71, 21]",,,,,,,,,,,,,,,,,,,,,
k-sweep,13,92,45,greedy_betweenness,,643.556,644.473,582.526,594.174,0.0948324621322777,0.07804671413697706,0.016785747995300637,45,{0: 45},topk,0.68,92.0,"(1, 0)","[16, 3, 2, 1, 1, 1, 1, 1, 1, 1, 1, 1, 1, 1, 1, 1, 1, 1, 1, 1, 1, 1, 1, 1, 1, 1, 1, 1, 1, 1, 1, 1, 1, 1, 1, 1, 1, 1, 1, 1, 1, 1, 1, 1, 1, 1, 1, 1, 1, 1, 1, 1, 1, 1, 1, 1, 1, 1, 1, 1, 1, 1, 1, 1, 1, 1, 1, 1, 1, 1, 1, 1, 1, 1]",,,,,,,,,,,,,,,,,,,,,
k-sweep,13,92,45,greedy_spectral,,643.556,644.473,508.612,508.4945,0.20968493806288813,0.21099177157150095,-0.0013068335086128258,45,{0: 45},topk,0.61,92.0,"(1, 0)","[7, 6, 2, 1, 1, 1, 1, 1, 1, 1, 1, 1, 1, 1, 1, 1, 1, 1, 1, 1, 1, 1, 1, 1, 1, 1, 1, 1, 1, 1, 1, 1, 1, 1, 1, 1, 1, 1, 1, 1, 1, 1, 1, 1, 1, 1, 1, 1, 1, 1, 1, 1, 1, 1, 1, 1, 1, 1, 1, 1, 1, 1, 1, 1, 1, 1, 1, 1, 1, 1, 1, 1, 1, 1, 1, 1, 1, 1, 1, 1]",,,,,,,,,,,,,,,,,,,,,
k-sweep,13,92,45,alns,7.0,643.556,644.473,45.24,63.5495,0.9297030872216249,0.9013930762033475,0.028310011018277348,45,{0: 45},max_iter,50.86,,,,300.0,301.0,"{0: 2.641615610022854, 1: 0.7777907699303542, 2: 0.6218098848450002, 3: 0.5896590760701415}","{'random': 0.7561963669668753, 'probability': 2.18772188668292, 'degree': 1.6813935796767776, 'bridge': 1.1981172332569505, 'betweenness': 1.8352191536484732, 'spectral': 0.9766483107201}","{'random': 1.2316848387600825, 'worst': 2.346787775489009, 'related': 0.6538243769535151}","{'random': 0, 'probability': 6, 'degree': 3, 'bridge': 0, 'betweenness': 3, 'spectral': 1}",{0: 13},"{0: 13, 1: 0, 2: 0, 3: 0}","{0: 151, 1: 62, 2: 31, 3: 56}","{'random': 0, 'probability': 0, 'degree': 0, 'bridge': 0, 'betweenness': 0, 'spectral': 0}","{0: 0, 1: 0, 2: 0, 3: 0}","{0: 92, 1: 2482, 2: 13311, 3: 6024}","(4, 18)",300.0,20.0,6.0,0.1,0.4,0.1,3.0,
k-sweep,13,92,60,greedy_random,7.0,643.556,644.473,641.594,642.5245,0.003048685739857948,0.0030234005148391807,2.52852250187674e-05,60,{0: 60},topk,0.7,92.0,"(1, 0)","[1, 1, 1, 1, 1, 1, 1, 1, 1, 1, 1, 1, 1, 1, 1, 1, 1, 1, 1, 1, 1, 1, 1, 1, 1, 1, 1, 1, 1, 1, 1, 1, 1, 1, 1, 1, 1, 1, 1, 1, 1, 1, 1, 1, 1, 1, 1, 1, 1, 1, 1, 1, 1, 1, 1, 1, 1, 1, 1, 1, 1, 1, 1, 1, 1, 1, 1, 1, 1, 1, 1, 1, 1, 1, 1, 1, 1, 1, 1, 1, 1, 1, 1, 1, 1, 1, 1, 1, 1, 1, 1, 1]",,,,,,,,,,,,,,,,,,,,,
k-sweep,13,92,60,greedy_probability,,643.556,644.473,35.818,39.38,0.9443436157847958,0.9388958109959611,0.005447804788834665,60,{0: 60},topk,0.05,92.0,"(21, 32)","[53, 14, 12, 7, 2, 1, 1, 1, 1]",,,,,,,,,,,,,,,,,,,,,
k-sweep,13,92,60,greedy_degree,,643.556,644.473,20.612,22.379,0.9679717072018597,0.9652755041716254,0.002696203030234212,60,{0: 60},topk,0.03,92.0,"(4, 2)","[9, 8, 7, 6, 6, 4, 3, 3, 2, 2, 2, 2, 2, 2, 2, 2, 2, 1, 1, 1, 1, 1, 1, 1, 1, 1, 1, 1, 1, 1, 1, 1, 1, 1, 1, 1, 1, 1, 1, 1, 1, 1, 1, 1, 1]",,,,,,,,,,,,,,,,,,,,,
k-sweep,13,92,60,greedy_bridge,,643.556,644.473,494.04,486.6935,0.2323278782266035,0.24481941058818601,-0.012491532361582514,60,{0: 60},topk,0.54,92.0,"(39, 32)","[71, 21]",,,,,,,,,,,,,,,,,,,,,
k-sweep,13,92,60,greedy_betweenness,,643.556,644.473,464.306,452.5295,0.2785305396888539,0.2978301651116494,-0.019299625422795508,60,{0: 60},topk,0.5,92.0,"(1, 0)","[16, 3, 2, 1, 1, 1, 1, 1, 1, 1, 1, 1, 1, 1, 1, 1, 1, 1, 1, 1, 1, 1, 1, 1, 1, 1, 1, 1, 1, 1, 1, 1, 1, 1, 1, 1, 1, 1, 1, 1, 1, 1, 1, 1, 1, 1, 1, 1, 1, 1, 1, 1, 1, 1, 1, 1, 1, 1, 1, 1, 1, 1, 1, 1, 1, 1, 1, 1, 1, 1, 1, 1, 1, 1]",,,,,,,,,,,,,,,,,,,,,
k-sweep,13,92,60,greedy_spectral,,643.556,644.473,447.264,429.93,0.30501152968817014,0.33289680095209573,-0.027885271263925593,60,{0: 60},topk,0.48,92.0,"(1, 0)","[7, 6, 2, 1, 1, 1, 1, 1, 1, 1, 1, 1, 1, 1, 1, 1, 1, 1, 1, 1, 1, 1, 1, 1, 1, 1, 1, 1, 1, 1, 1, 1, 1, 1, 1, 1, 1, 1, 1, 1, 1, 1, 1, 1, 1, 1, 1, 1, 1, 1, 1, 1, 1, 1, 1, 1, 1, 1, 1, 1, 1, 1, 1, 1, 1, 1, 1, 1, 1, 1, 1, 1, 1, 1, 1, 1, 1, 1, 1, 1]",,,,,,,,,,,,,,,,,,,,,
k-sweep,13,92,60,alns,7.0,643.556,644.473,6.588,17.955,0.9897631286166239,0.9721400275884328,0.01762310102819109,60,{0: 60},max_iter,51.76,,,,300.0,301.0,"{0: 2.3034551557052025, 1: 0.35042183230050017, 2: 0.25418658283290013, 3: 0.3160386513222391}","{'random': 0.28242953648100017, 'probability': 1.838131378426935, 'degree': 2.2342411965690587, 'bridge': 0.25418658283290013, 'betweenness': 0.3833267458329001, 'spectral': 0.25418658283290013}","{'random': 0.6360377085932808, 'worst': 2.207632699692749, 'related': 0.3708025713999564}","{'random': 0, 'probability': 5, 'degree': 6, 'bridge': 0, 'betweenness': 0, 'spectral': 0}",{0: 11},"{0: 11, 1: 0, 2: 0, 3: 0}","{0: 187, 1: 39, 2: 37, 3: 37}","{'random': 0, 'probability': 0, 'degree': 0, 'bridge': 0, 'betweenness': 0, 'spectral': 0}","{0: 0, 1: 0, 2: 0, 3: 0}","{0: 92, 1: 2482, 2: 13311, 3: 6024}","(6, 24)",300.0,20.0,6.0,0.1,0.4,0.1,3.0,
k-sweep,13,92,75,greedy_random,7.0,643.556,644.473,638.282,636.6565,0.008195091025489654,0.01212851430548667,-0.003933423279997017,75,{0: 75},topk,0.69,92.0,"(1, 0)","[1, 1, 1, 1, 1, 1, 1, 1, 1, 1, 1, 1, 1, 1, 1, 1, 1, 1, 1, 1, 1, 1, 1, 1, 1, 1, 1, 1, 1, 1, 1, 1, 1, 1, 1, 1, 1, 1, 1, 1, 1, 1, 1, 1, 1, 1, 1, 1, 1, 1, 1, 1, 1, 1, 1, 1, 1, 1, 1, 1, 1, 1, 1, 1, 1, 1, 1, 1, 1, 1, 1, 1, 1, 1, 1, 1, 1, 1, 1, 1, 1, 1, 1, 1, 1, 1, 1, 1, 1, 1, 1, 1]",,,,,,,,,,,,,,,,,,,,,
k-sweep,13,92,75,greedy_probability,,643.556,644.473,17.774,16.034,0.9723815798469753,0.9751207575802244,-0.002739177733249165,75,{0: 75},topk,0.02,92.0,"(36, 17)","[53, 14, 12, 7, 2, 1, 1, 1, 1]",,,,,,,,,,,,,,,,,,,,,
k-sweep,13,92,75,greedy_degree,,643.556,644.473,2.536,1.6405,0.9960593949866057,0.9974545093432929,-0.001395114356687266,75,{0: 75},topk,0.01,92.0,"(5, 4)","[9, 8, 7, 6, 6, 4, 3, 3, 2, 2, 2, 2, 2, 2, 2, 2, 2, 1, 1, 1, 1, 1, 1, 1, 1, 1, 1, 1, 1, 1, 1, 1, 1, 1, 1, 1, 1, 1, 1, 1, 1, 1, 1, 1, 1]",,,,,,,,,,,,,,,,,,,,,
k-sweep,13,92,75,greedy_bridge,,643.556,644.473,29.278,36.9955,0.9545059015843221,0.9425957332580264,0.011910168326295767,75,{0: 75},topk,0.05,92.0,"(54, 17)","[71, 21]",,,,,,,,,,,,,,,,,,,,,
k-sweep,13,92,75,greedy_betweenness,,643.556,644.473,8.824,6.163,0.9862886835022904,0.9904371478712064,-0.004148464368916027,75,{0: 75},topk,0.01,92.0,"(1, 0)","[16, 3, 2, 1, 1, 1, 1, 1, 1, 1, 1, 1, 1, 1, 1, 1, 1, 1, 1, 1, 1, 1, 1, 1, 1, 1, 1, 1, 1, 1, 1, 1, 1, 1, 1, 1, 1, 1, 1, 1, 1, 1, 1, 1, 1, 1, 1, 1, 1, 1, 1, 1, 1, 1, 1, 1, 1, 1, 1, 1, 1, 1, 1, 1, 1, 1, 1, 1, 1, 1, 1, 1, 1, 1]",,,,,,,,,,,,,,,,,,,,,
k-sweep,13,92,75,greedy_spectral,,643.556,644.473,5.11,9.7015,0.9920597430526636,0.984946615296529,0.007113127756134596,75,{0: 75},topk,0.02,92.0,"(1, 0)","[7, 6, 2, 1, 1, 1, 1, 1, 1, 1, 1, 1, 1, 1, 1, 1, 1, 1, 1, 1, 1, 1, 1, 1, 1, 1, 1, 1, 1, 1, 1, 1, 1, 1, 1, 1, 1, 1, 1, 1, 1, 1, 1, 1, 1, 1, 1, 1, 1, 1, 1, 1, 1, 1, 1, 1, 1, 1, 1, 1, 1, 1, 1, 1, 1, 1, 1, 1, 1, 1, 1, 1, 1, 1, 1, 1, 1, 1, 1, 1]",,,,,,,,,,,,,,,,,,,,,
k-sweep,13,92,75,alns,7.0,643.556,644.473,1.29,2.246,0.9979955124340384,0.9965149820085558,0.0014805304254825735,75,{0: 75},max_iter,83.97,,,,300.0,299.0,"{0: 3.674327370633828, 1: 0.2058911320946491, 2: 0.25418658283290013, 3: 0.28242953648100017}","{'random': 0.7675023043963634, 'probability': 1.9406463954923747, 'degree': 3.895465373333292, 'bridge': 0.6973568802000003, 'betweenness': 1.1060136925110002, 'spectral': 3.197782452433147}","{'random': 1.577214017023505, 'worst': 3.43894720306532, 'related': 2.312138310170276}","{'random': 2, 'probability': 2, 'degree': 2, 'bridge': 1, 'betweenness': 0, 'spectral': 2}",{0: 9},"{0: 9, 1: 0, 2: 0, 3: 0}","{0: 208, 1: 37, 2: 25, 3: 30}","{'random': 0, 'probability': 0, 'degree': 0, 'bridge': 0, 'betweenness': 0, 'spectral': 2}","{0: 0, 1: 0, 2: 0, 3: 0}","{0: 92, 1: 2482, 2: 13311, 3: 6024}","(7, 30)",300.0,20.0,6.0,0.1,0.4,0.1,3.0,
typical,611,9,4,greedy_random,7.0,22.086,16.62,15.556,9.9675,0.29566241057683595,0.4002707581227437,-0.10460834754590775,4,{0: 4},topk,0.01,9.0,"(1, 0)","[1, 1, 1, 1, 1, 1, 1, 1, 1]",,,,,,,,,,,,,,,,,,,,,
typical,611,9,4,greedy_probability,,22.086,16.62,13.876,7.2365,0.371728696912071,0.5645908543922984,-0.1928621574802274,4,{0: 4},topk,0.01,9.0,"(1, 5)","[6, 2, 1]",,,,,,,,,,,,,,,,,,,,,
typical,611,9,4,greedy_degree,,22.086,16.62,7.602,8.057,0.6558000543330617,0.5152226233453671,0.1405774309876946,4,{0: 4},topk,0.01,9.0,"(1, 1)","[2, 2, 1, 1, 1, 1, 1]",,,,,,,,,,,,,,,,,,,,,
typical,611,9,4,greedy_bridge,,22.086,16.62,12.846,8.3395,0.4183645748437924,0.4982250300842359,-0.0798604552404435,4,{0: 4},topk,0.01,9.0,"(4, 3)","[7, 2]",,,,,,,,,,,,,,,,,,,,,
typical,611,9,4,greedy_betweenness,,22.086,16.62,5.318,9.0155,0.7592139817078692,0.4575511432009628,0.30166283850690645,4,{0: 4},topk,0.01,9.0,"(1, 0)","[1, 1, 1, 1, 1, 1, 1, 1, 1]",,,,,,,,,,,,,,,,,,,,,
typical,611,9,4,greedy_spectral,,22.086,16.62,9.158,9.365,0.5853481843701893,0.4365222623345367,0.1488259220356526,4,{0: 4},topk,0.01,9.0,"(1, 0)","[1, 1, 1, 1, 1, 1, 1, 1, 1]",,,,,,,,,,,,,,,,,,,,,
typical,611,9,4,alns,7.0,22.086,16.62,5.318,9.0155,0.7592139817078692,0.4575511432009628,0.30166283850690645,4,{0: 4},max_iter,1.17,,,,300.0,171.0,"{0: 0.8874663030780634, 1: 0.313738867953751, 2: 0.3050238993994802, 3: 0.22876792454961012}","{'random': 0.2058911320946491, 'probability': 0.5621759923654306, 'degree': 0.874665445845892, 'bridge': 0.28242953648100017, 'betweenness': 0.31381059609000017, 'spectral': 0.28242953648100017}","{'random': 0.28977270442950603, 'worst': 0.6405528785440175, 'related': 0.36122737715919917}","{'random': 0, 'probability': 2, 'degree': 3, 'bridge': 0, 'betweenness': 0, 'spectral': 0}","{0: 4, 1: 1}","{0: 4, 1: 1, 2: 0, 3: 0}","{0: 138, 1: 63, 2: 55, 3: 44}","{'random': 2, 'probability': 5, 'degree': 24, 'bridge': 2, 'betweenness': 6, 'spectral': 7}","{0: 0, 1: 0, 2: 0, 3: 0}","{0: 9, 1: 92, 2: 1193, 3: 11065}","(1, 1)",300.0,20.0,6.0,0.1,0.4,0.1,3.0,
typical,421,11,3,greedy_random,7.0,60.234,76.04,51.172,62.574,0.15044659162599205,0.17709100473435047,-0.02664441310835841,3,{0: 3},topk,0.08,11.0,"(1, 0)","[1, 1, 1, 1, 1, 1, 1, 1, 1, 1, 1]",,,,,,,,,,,,,,,,,,,,,
typical,421,11,3,greedy_probability,,60.234,76.04,35.832,42.0265,0.4051200318756848,0.4473106259863231,-0.0421905941106383,3,{0: 3},topk,0.05,11.0,"(3, 1)","[7, 4]",,,,,,,,,,,,,,,,,,,,,
typical,421,11,3,greedy_degree,,60.234,76.04,19.188,25.622,0.6814423747385199,0.6630457653866386,0.018396609351881255,3,{0: 3},topk,0.03,11.0,"(1, 0)","[1, 1, 1, 1, 1, 1, 1, 1, 1, 1, 1]",,,,,,,,,,,,,,,,,,,,,
typical,421,11,3,greedy_bridge,,60.234,76.04,38.258,50.8635,0.36484377594049866,0.3310954760652288,0.03374829987526984,3,{0: 3},topk,0.06,11.0,"(3, 3)","[6, 5]",,,,,,,,,,,,,,,,,,,,,
typical,421,11,3,greedy_betweenness,,60.234,76.04,19.188,25.622,0.6814423747385199,0.6630457653866386,0.018396609351881255,3,{0: 3},topk,0.0,11.0,"(1, 0)","[1, 1, 1, 1, 1, 1, 1, 1, 1, 1, 1]",,,,,,,,,,,,,,,,,,,,,
typical,421,11,3,greedy_spectral,,60.234,76.04,19.188,25.622,0.6814423747385199,0.6630457653866386,0.018396609351881255,3,{0: 3},topk,0.0,11.0,"(1, 0)","[1, 1, 1, 1, 1, 1, 1, 1, 1, 1, 1]",,,,,,,,,,,,,,,,,,,,,
typical,421,11,3,alns,7.0,60.234,76.04,19.188,25.622,0.6814423747385199,0.6630457653866386,0.018396609351881255,3,{0: 3},max_iter,3.25,,,,300.0,197.0,"{0: 0.9961289751684872, 1: 0.4770234871164091, 2: 0.4409038875064502, 3: 0.5239067901722552}","{'random': 0.8568912136833542, 'probability': 0.6939293711338174, 'degree': 0.28242953648100017, 'bridge': 0.5592104822323802, 'betweenness': 0.7192673352638272, 'spectral': 0.7674316580029976}","{'random': 0.5406508269779147, 'worst': 0.7474850719890269, 'related': 0.5141831447019809}","{'random': 1, 'probability': 1, 'degree': 0, 'bridge': 0, 'betweenness': 1, 'spectral': 3}",{0: 6},"{0: 6, 1: 0, 2: 0, 3: 0}","{0: 129, 1: 57, 2: 52, 3: 62}","{'random': 4, 'probability': 5, 'degree': 6, 'bridge': 1, 'betweenness': 18, 'spectral': 13}","{0: 0, 1: 0, 2: 0, 3: 0}","{0: 11, 1: 245, 2: 5870, 3: 13724}","(1, 1)",300.0,20.0,6.0,0.1,0.4,0.1,3.0,
typical,421,11,4,greedy_random,7.0,60.234,76.04,51.14,59.6205,0.15097785303981137,0.21593240399789593,-0.06495455095808456,4,{0: 4},topk,0.07,11.0,"(1, 0)","[1, 1, 1, 1, 1, 1, 1, 1, 1, 1, 1]",,,,,,,,,,,,,,,,,,,,,
typical,421,11,4,greedy_probability,,60.234,76.04,35.796,41.9845,0.4057177009662317,0.44786296685954774,-0.04214526589331602,4,{0: 4},topk,0.05,11.0,"(4, 0)","[7, 4]",,,,,,,,,,,,,,,,,,,,,
typical,421,11,4,greedy_degree,,60.234,76.04,19.156,22.6685,0.6819736361523392,0.7018871646501841,-0.01991352849784489,4,{0: 4},topk,0.03,11.0,"(1, 0)","[1, 1, 1, 1, 1, 1, 1, 1, 1, 1, 1]",,,,,,,,,,,,,,,,,,,,,
typical,421,11,4,greedy_bridge,,60.234,76.04,35.7,48.899,0.40731148520769,0.3569305628616518,0.05038092234603819,4,{0: 4},topk,0.05,11.0,"(4, 2)","[6, 5]",,,,,,,,,,,,,,,,,,,,,
typical,421,11,4,greedy_betweenness,,60.234,76.04,17.896,23.68,0.7028920543214796,0.6885849552866912,0.01430709903478844,4,{0: 4},topk,0.03,11.0,"(1, 0)","[1, 1, 1, 1, 1, 1, 1, 1, 1, 1, 1]",,,,,,,,,,,,,,,,,,,,,
typical,421,11,4,greedy_spectral,,60.234,76.04,11.438,13.765,0.8101072483979148,0.8189768542872172,-0.008869605889302412,4,{0: 4},topk,0.02,11.0,"(1, 0)","[1, 1, 1, 1, 1, 1, 1, 1, 1, 1, 1]",,,,,,,,,,,,,,,,,,,,,
typical,421,11,4,alns,7.0,60.234,76.04,11.438,13.765,0.8101072483979148,0.8189768542872172,-0.008869605889302412,4,{0: 4},max_iter,2.62,,,,300.0,194.0,"{0: 0.7787994468463577, 1: 0.5033600413932624, 2: 0.49447763247093524, 3: 0.3456937526527441}","{'random': 0.49349854341113397, 'probability': 0.5384466811244253, 'degree': 0.7625597484987003, 'bridge': 0.6050268292615202, 'betweenness': 0.7309088117770629, 'spectral': 0.7612888155845356}","{'random': 0.5306733311504457, 'worst': 0.7219705893987165, 'related': 0.5867881574167695}","{'random': 0, 'probability': 0, 'degree': 1, 'bridge': 0, 'betweenness': 2, 'spectral': 2}",{0: 5},"{0: 5, 1: 0, 2: 0, 3: 0}","{0: 123, 1: 69, 2: 62, 3: 46}","{'random': 1, 'probability': 0, 'degree': 15, 'bridge': 1, 'betweenness': 15, 'spectral': 13}","{0: 0, 1: 0, 2: 0, 3: 0}","{0: 11, 1: 245, 2: 5870, 3: 13724}","(1, 1)",300.0,20.0,6.0,0.1,0.4,0.1,3.0,
typical,421,11,6,greedy_random,7.0,60.234,76.04,47.252,55.698,0.21552611481887307,0.26751709626512366,-0.051990981446250584,6,{0: 6},topk,0.06,11.0,"(1, 0)","[1, 1, 1, 1, 1, 1, 1, 1, 1, 1, 1]",,,,,,,,,,,,,,,,,,,,,
typical,421,11,6,greedy_probability,,60.234,76.04,17.788,20.34,0.7046850615931202,0.7325092056812204,-0.02782414408810019,6,{0: 6},topk,0.03,11.0,"(2, 5)","[7, 4]",,,,,,,,,,,,,,,,,,,,,
typical,421,11,6,greedy_degree,,60.234,76.04,12.698,17.475,0.7891888302287744,0.7701867438190426,0.019002086409731778,6,{0: 6},topk,0.02,11.0,"(1, 0)","[1, 1, 1, 1, 1, 1, 1, 1, 1, 1, 1]",,,,,,,,,,,,,,,,,,,,,
typical,421,11,6,greedy_bridge,,60.234,76.04,35.642,48.533,0.40827439652023767,0.3617438190426092,0.046530577477628454,6,{0: 6},topk,0.06,11.0,"(6, 0)","[6, 5]",,,,,,,,,,,,,,,,,,,,,
typical,421,11,6,greedy_betweenness,,60.234,76.04,7.588,9.8585,0.8740246372480659,0.8703511309836929,0.0036735062643730165,6,{0: 6},topk,0.01,11.0,"(1, 0)","[1, 1, 1, 1, 1, 1, 1, 1, 1, 1, 1]",,,,,,,,,,,,,,,,,,,,,
typical,421,11,6,greedy_spectral,,60.234,76.04,3.714,8.5485,0.9383404721585815,0.8875789058390321,0.05076156631954942,6,{0: 6},topk,0.01,11.0,"(1, 0)","[1, 1, 1, 1, 1, 1, 1, 1, 1, 1, 1]",,,,,,,,,,,,,,,,,,,,,
typical,421,11,6,alns,7.0,60.234,76.04,3.714,8.5485,0.9383404721585815,0.8875789058390321,0.05076156631954942,6,{0: 6},max_iter,2.07,,,,300.0,192.0,"{0: 1.7940731098805929, 1: 0.38481024345536263, 2: 0.3545902830518956, 3: 0.4189371457801501}","{'random': 0.5789805497860503, 'probability': 0.34315188682441516, 'degree': 1.1006279036664572, 'bridge': 0.9591307058894766, 'betweenness': 0.7879784067819903, 'spectral': 0.8659289588507463}","{'random': 0.6938688505188572, 'worst': 0.6783796077967061, 'related': 0.6508871097741129}","{'random': 1, 'probability': 0, 'degree': 2, 'bridge': 1, 'betweenness': 0, 'spectral': 4}",{0: 8},"{0: 8, 1: 0, 2: 0, 3: 0}","{0: 170, 1: 45, 2: 41, 3: 44}","{'random': 2, 'probability': 1, 'degree': 12, 'bridge': 2, 'betweenness': 8, 'spectral': 18}","{0: 0, 1: 0, 2: 0, 3: 0}","{0: 11, 1: 245, 2: 5870, 3: 13724}","(1, 2)",300.0,20.0,6.0,0.1,0.4,0.1,3.0,
typical,340,16,3,greedy_random,7.0,150.816,155.946,113.46,118.038,0.2476925525143221,0.24308414451156168,0.004608408002760411,3,{0: 3},topk,0.14,16.0,"(1, 0)","[1, 1, 1, 1, 1, 1, 1, 1, 1, 1, 1, 1, 1, 1, 1, 1]",,,,,,,,,,,,,,,,,,,,,
typical,340,16,3,greedy_probability,,150.816,155.946,95.526,97.954,0.36660566518141313,0.37187231477562754,-0.005266649594214412,3,{0: 3},topk,0.12,16.0,"(2, 6)","[8, 7, 1]",,,,,,,,,,,,,,,,,,,,,
typical,340,16,3,greedy_degree,,150.816,155.946,91.6,96.836,0.392637385953745,0.3790414630705501,0.013595922883194889,3,{0: 3},topk,0.11,16.0,"(1, 0)","[3, 1, 1, 1, 1, 1, 1, 1, 1, 1, 1, 1, 1, 1]",,,,,,,,,,,,,,,,,,,,,
typical,340,16,3,greedy_bridge,,150.816,155.946,136.43,141.5825,0.09538775726713344,0.09210560065663753,0.003282156610495912,3,{0: 3},topk,0.16,16.0,"(3, 3)","[10, 6]",,,,,,,,,,,,,,,,,,,,,
typical,340,16,3,greedy_betweenness,,150.816,155.946,91.6,96.836,0.392637385953745,0.3790414630705501,0.013595922883194889,3,{0: 3},topk,0.0,16.0,"(1, 0)","[1, 1, 1, 1, 1, 1, 1, 1, 1, 1, 1, 1, 1, 1, 1, 1]",,,,,,,,,,,,,,,,,,,,,
typical,340,16,3,greedy_spectral,,150.816,155.946,91.6,96.836,0.392637385953745,0.3790414630705501,0.013595922883194889,3,{0: 3},topk,0.0,16.0,"(1, 0)","[1, 1, 1, 1, 1, 1, 1, 1, 1, 1, 1, 1, 1, 1, 1, 1]",,,,,,,,,,,,,,,,,,,,,
typical,340,16,3,alns,7.0,150.816,155.946,70.878,75.907,0.5300366008911521,0.5132481756505457,0.01678842524060642,3,{0: 3},max_iter,7.7,,,,300.0,218.0,"{0: 0.7514667477000331, 1: 0.5502029973724682, 2: 0.3597829518154821, 3: 0.4784042537392052}","{'random': 0.7777300279322573, 'probability': 0.31381059609000017, 'degree': 0.8627908528898461, 'bridge': 0.3765727153080001, 'betweenness': 1.2414660991916493, 'spectral': 0.3893575914450002}","{'random': 1.3524698730457136, 'worst': 0.6986948091858697, 'related': 0.5985466404522617}","{'random': 1, 'probability': 0, 'degree': 2, 'bridge': 0, 'betweenness': 1, 'spectral': 0}","{0: 3, 1: 1}","{0: 3, 1: 1, 2: 0, 3: 0}","{0: 107, 1: 71, 2: 63, 3: 59}","{'random': 4, 'probability': 0, 'degree': 14, 'bridge': 2, 'betweenness': 13, 'spectral': 7}","{0: 0, 1: 0, 2: 0, 3: 0}","{0: 16, 1: 520, 2: 7355, 3: 12274}","(1, 1)",300.0,20.0,6.0,0.1,0.4,0.1,3.0,
typical,340,16,6,greedy_random,7.0,150.816,155.946,104.506,113.1415,0.3070629110969658,0.2744828338014441,0.0325800772955217,6,{0: 6},topk,0.12,16.0,"(1, 0)","[1, 1, 1, 1, 1, 1, 1, 1, 1, 1, 1, 1, 1, 1, 1, 1]",,,,,,,,,,,,,,,,,,,,,
typical,340,16,6,greedy_probability,,150.816,155.946,35.862,37.455,0.7622135582431573,0.7598207071678658,0.0023928510752915244,6,{0: 6},topk,0.05,16.0,"(5, 3)","[8, 7, 1]",,,,,,,,,,,,,,,,,,,,,
typical,340,16,6,greedy_degree,,150.816,155.946,30.98,41.6285,0.7945841290048801,0.733058238108063,0.06152589089681704,6,{0: 6},topk,0.05,16.0,"(1, 0)","[3, 1, 1, 1, 1, 1, 1, 1, 1, 1, 1, 1, 1, 1]",,,,,,,,,,,,,,,,,,,,,
typical,340,16,6,greedy_bridge,,150.816,155.946,136.368,141.5375,0.09579885423297263,0.09239416208174622,0.0034046921512264072,6,{0: 6},topk,0.16,16.0,"(6, 0)","[10, 6]",,,,,,,,,,,,,,,,,,,,,
typical,340,16,6,greedy_betweenness,,150.816,155.946,32.296,41.578,0.7858582643751326,0.7333820681517962,0.052476196223336435,6,{0: 6},topk,0.05,16.0,"(1, 0)","[1, 1, 1, 1, 1, 1, 1, 1, 1, 1, 1, 1, 1, 1, 1, 1]",,,,,,,,,,,,,,,,,,,,,
typical,340,16,6,greedy_spectral,,150.816,155.946,30.98,41.6285,0.7945841290048801,0.733058238108063,0.06152589089681704,6,{0: 6},topk,0.0,16.0,"(1, 0)","[1, 1, 1, 1, 1, 1, 1, 1, 1, 1, 1, 1, 1, 1, 1, 1]",,,,,,,,,,,,,,,,,,,,,
typical,340,16,6,alns,7.0,150.816,155.946,30.98,41.6285,0.7945841290048801,0.733058238108063,0.06152589089681704,6,{0: 6},max_iter,6.77,,,,300.0,248.0,"{0: 1.1041904011001646, 1: 0.30219960403467017, 2: 0.6174145025421729, 3: 0.9009862191948266}","{'random': 0.49895884778310035, 'probability': 0.8034806502288362, 'degree': 0.5197017281846493, 'bridge': 0.5907387616272004, 'betweenness': 1.0759803228478457, 'spectral': 0.9211689633636606}","{'random': 0.5554221532447008, 'worst': 1.0123370987462914, 'related': 0.5175521256014327}","{'random': 0, 'probability': 1, 'degree': 0, 'bridge': 0, 'betweenness': 2, 'spectral': 2}",{0: 5},"{0: 5, 1: 0, 2: 0, 3: 0}","{0: 107, 1: 35, 2: 69, 3: 89}","{'random': 1, 'probability': 0, 'degree': 8, 'bridge': 1, 'betweenness': 11, 'spectral': 9}","{0: 0, 1: 0, 2: 0, 3: 0}","{0: 16, 1: 520, 2: 7355, 3: 12274}","(1, 2)",300.0,20.0,6.0,0.1,0.4,0.1,3.0,
typical,340,16,8,greedy_random,7.0,150.816,155.946,77.446,85.619,0.48648684489709315,0.4509702076359765,0.035516637261116646,8,{0: 8},topk,0.1,16.0,"(1, 0)","[1, 1, 1, 1, 1, 1, 1, 1, 1, 1, 1, 1, 1, 1, 1, 1]",,,,,,,,,,,,,,,,,,,,,
typical,340,16,8,greedy_probability,,150.816,155.946,30.72,30.1875,0.7963080840229153,0.8064233773229195,-0.010115293300004158,8,{0: 8},topk,0.04,16.0,"(7, 1)","[8, 7, 1]",,,,,,,,,,,,,,,,,,,,,
typical,340,16,8,greedy_degree,,150.816,155.946,22.014,30.5575,0.8540340547422024,0.8040507611609147,0.049983293581287724,8,{0: 8},topk,0.03,16.0,"(1, 0)","[3, 1, 1, 1, 1, 1, 1, 1, 1, 1, 1, 1, 1, 1]",,,,,,,,,,,,,,,,,,,,,
typical,340,16,8,greedy_bridge,,150.816,155.946,83.67,87.877,0.4452180140038192,0.4364908365716338,0.008727177432185429,8,{0: 8},topk,0.1,16.0,"(2, 8)","[10, 6]",,,,,,,,,,,,,,,,,,,,,
typical,340,16,8,greedy_betweenness,,150.816,155.946,22.014,30.5575,0.8540340547422024,0.8040507611609147,0.049983293581287724,8,{0: 8},topk,0.0,16.0,"(1, 0)","[1, 1, 1, 1, 1, 1, 1, 1, 1, 1, 1, 1, 1, 1, 1, 1]",,,,,,,,,,,,,,,,,,,,,
typical,340,16,8,greedy_spectral,,150.816,155.946,25.798,34.443,0.8289438786335668,0.7791350852218075,0.049808793411759256,8,{0: 8},topk,0.04,16.0,"(1, 0)","[1, 1, 1, 1, 1, 1, 1, 1, 1, 1, 1, 1, 1, 1, 1, 1]",,,,,,,,,,,,,,,,,,,,,
typical,340,16,8,alns,7.0,150.816,155.946,17.926,26.378,0.8811399321026947,0.8308517050773986,0.05028822702529612,8,{0: 8},max_iter,5.34,,,,300.0,246.0,"{0: 1.2952332655962697, 1: 0.3050238993994802, 2: 0.3778436482221647, 3: 0.4344774947993785}","{'random': 0.5001020149545711, 'probability': 0.7921974159072004, 'degree': 0.38742048900000015, 'bridge': 0.7770264169784493, 'betweenness': 0.6831970487475392, 'spectral': 0.949283329384172}","{'random': 0.5562732150529779, 'worst': 0.8606227892462128, 'related': 0.5429595763634337}","{'random': 0, 'probability': 0, 'degree': 0, 'bridge': 0, 'betweenness': 1, 'spectral': 3}",{0: 4},"{0: 4, 1: 0, 2: 0, 3: 0}","{0: 138, 1: 54, 2: 52, 3: 56}","{'random': 0, 'probability': 0, 'degree': 3, 'bridge': 1, 'betweenness': 14, 'spectral': 10}","{0: 0, 1: 0, 2: 0, 3: 0}","{0: 16, 1: 520, 2: 7355, 3: 12274}","(1, 3)",300.0,20.0,6.0,0.1,0.4,0.1,3.0,
typical,274,11,3,greedy_random,7.0,181.678,162.3335,176.218,158.553,0.030053170994837064,0.02328847711655324,0.006764693878283823,3,{0: 3},topk,0.2,11.0,"(1, 0)","[1, 1, 1, 1, 1, 1, 1, 1, 1, 1, 1]",,,,,,,,,,,,,,,,,,,,,
typical,274,11,3,greedy_probability,,181.678,162.3335,22.334,14.3955,0.8770682195973095,0.9113214462818826,-0.03425322668457309,3,{0: 3},topk,0.02,11.0,"(3, 1)","[6, 4, 1]",,,,,,,,,,,,,,,,,,,,,
typical,274,11,3,greedy_degree,,181.678,162.3335,35.16,26.261,0.8064707889783023,0.8382280921682832,-0.031757303189980934,3,{0: 3},topk,0.03,11.0,"(1, 0)","[3, 2, 2, 1, 1, 1, 1]",,,,,,,,,,,,,,,,,,,,,
typical,274,11,3,greedy_bridge,,181.678,162.3335,173.784,155.392,0.043450500335758924,0.042760736385280884,0.0006897639504780395,3,{0: 3},topk,0.18,11.0,"(3, 4)","[7, 4]",,,,,,,,,,,,,,,,,,,,,
typical,274,11,3,greedy_betweenness,,181.678,162.3335,35.154,24.9655,0.806503814440934,0.8462085767879088,-0.03970476234697484,3,{0: 3},topk,0.04,11.0,"(1, 0)","[1, 1, 1, 1, 1, 1, 1, 1, 1, 1, 1]",,,,,,,,,,,,,,,,,,,,,
typical,274,11,3,greedy_spectral,,181.678,162.3335,35.154,24.9655,0.806503814440934,0.8462085767879088,-0.03970476234697484,3,{0: 3},topk,0.0,11.0,"(1, 0)","[1, 1, 1, 1, 1, 1, 1, 1, 1, 1, 1]",,,,,,,,,,,,,,,,,,,,,
typical,274,11,3,alns,7.0,181.678,162.3335,22.334,14.3955,0.8770682195973095,0.9113214462818826,-0.03425322668457309,3,{0: 3},max_iter,7.55,,,,300.0,240.0,"{0: 1.1324053908159302, 1: 0.7954389161440949, 2: 0.7654514699268699, 3: 1.310569490440917}","{'random': 0.8296331633266277, 'probability': 2.15620499278832, 'degree': 1.1000092654215006, 'bridge': 1.2285317056722393, 'betweenness': 1.2662046417283206, 'spectral': 0.5902047342810003}","{'random': 0.6235180213634404, 'worst': 1.1158055432622678, 'related': 1.382617649036948}","{'random': 0, 'probability': 1, 'degree': 1, 'bridge': 0, 'betweenness': 0, 'spectral': 0}",{0: 2},"{0: 2, 1: 0, 2: 0, 3: 0}","{0: 60, 1: 82, 2: 70, 3: 88}","{'random': 6, 'probability': 7, 'degree': 12, 'bridge': 5, 'betweenness': 8, 'spectral': 4}","{0: 0, 1: 0, 2: 0, 3: 0}","{0: 11, 1: 78, 2: 751, 3: 8888}","(1, 1)",300.0,20.0,6.0,0.1,0.4,0.1,3.0,
typical,274,11,4,greedy_random,7.0,181.678,162.3335,176.158,158.4895,0.030383425621153926,0.023679647146152782,0.006703778475001143,4,{0: 4},topk,0.19,11.0,"(1, 0)","[1, 1, 1, 1, 1, 1, 1, 1, 1, 1, 1]",,,,,,,,,,,,,,,,,,,,,
typical,274,11,4,greedy_probability,,181.678,162.3335,14.404,11.011,0.9207168727088585,0.9321705008516419,-0.01145362814278339,4,{0: 4},topk,0.02,11.0,"(4, 0)","[6, 4, 1]",,,,,,,,,,,,,,,,,,,,,
typical,274,11,4,greedy_degree,,181.678,162.3335,22.274,14.332,0.8773984742236264,0.9117126163114823,-0.03431414208785588,4,{0: 4},topk,0.02,11.0,"(1, 1)","[3, 2, 2, 1, 1, 1, 1]",,,,,,,,,,,,,,,,,,,,,
typical,274,11,4,greedy_bridge,,181.678,162.3335,173.718,154.033,0.043813780424707516,0.051132391034506175,-0.007318610609798659,4,{0: 4},topk,0.18,11.0,"(4, 3)","[7, 4]",,,,,,,,,,,,,,,,,,,,,
typical,274,11,4,greedy_betweenness,,181.678,162.3335,27.224,21.581,0.850152467552483,0.867057631357668,-0.01690516380518503,4,{0: 4},topk,0.03,11.0,"(1, 0)","[1, 1, 1, 1, 1, 1, 1, 1, 1, 1, 1]",,,,,,,,,,,,,,,,,,,,,
typical,274,11,4,greedy_spectral,,181.678,162.3335,22.268,13.0365,0.8774314996862581,0.9196931009311079,-0.04226160124484979,4,{0: 4},topk,0.02,11.0,"(1, 0)","[1, 1, 1, 1, 1, 1, 1, 1, 1, 1, 1]",,,,,,,,,,,,,,,,,,,,,
typical,274,11,4,alns,7.0,181.678,162.3335,11.796,7.852,0.9350719404660994,0.9516304398044766,-0.016558499338377164,4,{0: 4},max_iter,5.1,,,,300.0,224.0,"{0: 0.8412607340546494, 1: 0.3926725936011777, 2: 0.30663778246508583, 3: 0.31650936721637407}","{'random': 0.3992329397096101, 'probability': 0.7159352423295061, 'degree': 0.24623820873479196, 'bridge': 0.7148913378218957, 'betweenness': 0.28242953648100017, 'spectral': 0.41300612551404914}","{'random': 0.43365922121727235, 'worst': 0.7580285891509245, 'related': 0.25418658283290013}","{'random': 0, 'probability': 1, 'degree': 0, 'bridge': 1, 'betweenness': 0, 'spectral': 0}",{0: 2},"{0: 2, 1: 0, 2: 0, 3: 0}","{0: 101, 1: 77, 2: 54, 3: 68}","{'random': 9, 'probability': 9, 'degree': 7, 'bridge': 4, 'betweenness': 7, 'spectral': 4}","{0: 0, 1: 0, 2: 0, 3: 0}","{0: 11, 1: 78, 2: 751, 3: 8888}","(1, 1)",300.0,20.0,6.0,0.1,0.4,0.1,3.0,
typical,274,11,6,greedy_random,7.0,181.678,162.3335,27.136,21.483,0.8506368410044144,0.86766132683642,-0.017024485832005665,6,{0: 6},topk,0.03,11.0,"(1, 0)","[1, 1, 1, 1, 1, 1, 1, 1, 1, 1, 1]",,,,,,,,,,,,,,,,,,,,,
typical,274,11,6,greedy_probability,,181.678,162.3335,3.8,3.1085,0.979083873666597,0.9808511490234609,-0.0017672753568639399,6,{0: 6},topk,0.01,11.0,"(1, 5)","[6, 4, 1]",,,,,,,,,,,,,,,,,,,,,
typical,274,11,6,greedy_degree,,181.678,162.3335,11.67,6.4295,0.9357654751813649,0.9603932644833013,-0.02462778930193643,6,{0: 6},topk,0.01,11.0,"(1, 2)","[3, 2, 2, 1, 1, 1, 1]",,,,,,,,,,,,,,,,,,,,,
typical,274,11,6,greedy_bridge,,181.678,162.3335,173.668,153.9965,0.04408899261330479,0.05135723679955151,-0.0072682441862467195,6,{0: 6},topk,0.19,11.0,"(6, 1)","[7, 4]",,,,,,,,,,,,,,,,,,,,,
typical,274,11,6,greedy_betweenness,,181.678,162.3335,3.8,3.1085,0.979083873666597,0.9808511490234609,-0.0017672753568639399,6,{0: 6},topk,0.0,11.0,"(1, 0)","[1, 1, 1, 1, 1, 1, 1, 1, 1, 1, 1]",,,,,,,,,,,,,,,,,,,,,
typical,274,11,6,greedy_spectral,,181.678,162.3335,3.8,3.1085,0.979083873666597,0.9808511490234609,-0.0017672753568639399,6,{0: 6},topk,0.0,11.0,"(1, 0)","[1, 1, 1, 1, 1, 1, 1, 1, 1, 1, 1]",,,,,,,,,,,,,,,,,,,,,
typical,274,11,6,alns,7.0,181.678,162.3335,1.204,2.4935,0.9933728904985744,0.9846396461605276,0.008733244338046786,6,{0: 6},max_iter,3.51,,,,300.0,223.0,"{0: 0.8231897661090352, 1: 0.22876792454961012, 2: 0.4886030981121303, 3: 0.4036467244856649}","{'random': 0.41841412812000023, 'probability': 0.7307864256445878, 'degree': 1.4777654780474194, 'bridge': 0.510007222269726, 'betweenness': 0.3675070758654001, 'spectral': 0.28242953648100017}","{'random': 0.38297445146823617, 'worst': 0.693262380975946, 'related': 0.3574750990316659}","{'random': 0, 'probability': 1, 'degree': 2, 'bridge': 1, 'betweenness': 0, 'spectral': 0}",{0: 4},"{0: 4, 1: 0, 2: 0, 3: 0}","{0: 116, 1: 52, 2: 58, 3: 74}","{'random': 2, 'probability': 9, 'degree': 6, 'bridge': 2, 'betweenness': 2, 'spectral': 0}","{0: 0, 1: 0, 2: 0, 3: 0}","{0: 11, 1: 78, 2: 751, 3: 8888}","(1, 2)",300.0,20.0,6.0,0.1,0.4,0.1,3.0,
typical,201,25,5,greedy_random,7.0,203.966,197.1685,159.996,153.377,0.2155751448770873,0.22210190775909933,-0.006526762882012038,5,{0: 5},topk,0.17,25.0,"(1, 0)","[1, 1, 1, 1, 1, 1, 1, 1, 1, 1, 1, 1, 1, 1, 1, 1, 1, 1, 1, 1, 1, 1, 1, 1, 1]",,,,,,,,,,,,,,,,,,,,,
typical,201,25,5,greedy_probability,,203.966,197.1685,92.98,86.484,0.5441397095594364,0.561370097150407,-0.01723038759097062,5,{0: 5},topk,0.1,25.0,"(4, 4)","[16, 8, 1]",,,,,,,,,,,,,,,,,,,,,
typical,201,25,5,greedy_degree,,203.966,197.1685,135.112,129.083,0.3375758704882187,0.34531631574009036,-0.007740445251871675,5,{0: 5},topk,0.15,25.0,"(1, 0)","[2, 2, 2, 2, 2, 2, 2, 1, 1, 1, 1, 1, 1, 1, 1, 1, 1, 1]",,,,,,,,,,,,,,,,,,,,,
typical,201,25,5,greedy_bridge,,203.966,197.1685,157.08,162.662,0.22987164527421233,0.17501020700568293,0.054861438268529406,5,{0: 5},topk,0.18,25.0,"(5, 6)","[14, 11]",,,,,,,,,,,,,,,,,,,,,
typical,201,25,5,greedy_betweenness,,203.966,197.1685,135.112,129.083,0.3375758704882187,0.34531631574009036,-0.007740445251871675,5,{0: 5},topk,0.0,25.0,"(1, 0)","[3, 1, 1, 1, 1, 1, 1, 1, 1, 1, 1, 1, 1, 1, 1, 1, 1, 1, 1, 1, 1, 1, 1]",,,,,,,,,,,,,,,,,,,,,
typical,201,25,5,greedy_spectral,,203.966,197.1685,135.112,129.083,0.3375758704882187,0.34531631574009036,-0.007740445251871675,5,{0: 5},topk,0.0,25.0,"(1, 0)","[2, 1, 1, 1, 1, 1, 1, 1, 1, 1, 1, 1, 1, 1, 1, 1, 1, 1, 1, 1, 1, 1, 1, 1]",,,,,,,,,,,,,,,,,,,,,
typical,201,25,5,alns,7.0,203.966,197.1685,84.386,81.2815,0.5862741829520607,0.5877561578041117,-0.0014819748520510378,5,{0: 5},max_iter,9.25,,,,300.0,256.0,"{0: 1.2322842178430797, 1: 0.5583631936229372, 2: 0.4372009224725882, 3: 0.3399745545390038}","{'random': 0.4003438679618176, 'probability': 0.6672397799363629, 'degree': 1.0746568317018315, 'bridge': 0.8205990182455458, 'betweenness': 0.6913875053054882, 'spectral': 0.8083133334086225}","{'random': 0.5041609308645694, 'worst': 0.8458361146839553, 'related': 0.7902396617180842}","{'random': 0, 'probability': 2, 'degree': 1, 'bridge': 1, 'betweenness': 1, 'spectral': 1}",{0: 6},"{0: 6, 1: 0, 2: 0, 3: 0}","{0: 138, 1: 60, 2: 50, 3: 52}","{'random': 0, 'probability': 4, 'degree': 2, 'bridge': 1, 'betweenness': 1, 'spectral': 1}","{0: 0, 1: 0, 2: 0, 3: 0}","{0: 25, 1: 640, 2: 8443, 3: 11377}","(1, 2)",300.0,20.0,6.0,0.1,0.4,0.1,3.0,
typical,201,25,9,greedy_random,7.0,203.966,197.1685,145.54,141.4675,0.2864497024013807,0.2825045582839043,0.0039451441174763735,9,{0: 9},topk,0.16,25.0,"(1, 0)","[1, 1, 1, 1, 1, 1, 1, 1, 1, 1, 1, 1, 1, 1, 1, 1, 1, 1, 1, 1, 1, 1, 1, 1, 1]",,,,,,,,,,,,,,,,,,,,,
typical,201,25,9,greedy_probability,,203.966,197.1685,73.516,70.2135,0.6395673788768717,0.6438908852073226,-0.004323506330450977,9,{0: 9},topk,0.08,25.0,"(8, 0)","[16, 8, 1]",,,,,,,,,,,,,,,,,,,,,
typical,201,25,9,greedy_degree,,203.966,197.1685,98.322,97.375,0.5179490699430298,0.5061330790668894,0.011815990876140381,9,{0: 9},topk,0.11,25.0,"(1, 1)","[2, 2, 2, 2, 2, 2, 2, 1, 1, 1, 1, 1, 1, 1, 1, 1, 1, 1]",,,,,,,,,,,,,,,,,,,,,
typical,201,25,9,greedy_bridge,,203.966,197.1685,153.08,161.868,0.2494827569300766,0.17903721943413886,0.07044553749593774,9,{0: 9},topk,0.18,25.0,"(9, 2)","[14, 11]",,,,,,,,,,,,,,,,,,,,,
typical,201,25,9,greedy_betweenness,,203.966,197.1685,94.978,99.584,0.5343439592873322,0.4949294638849512,0.03941449540238107,9,{0: 9},topk,0.11,25.0,"(1, 0)","[3, 1, 1, 1, 1, 1, 1, 1, 1, 1, 1, 1, 1, 1, 1, 1, 1, 1, 1, 1, 1, 1, 1]",,,,,,,,,,,,,,,,,,,,,
typical,201,25,9,greedy_spectral,,203.966,197.1685,110.392,111.875,0.45877254052145955,0.4325919201089423,0.02618062041251723,9,{0: 9},topk,0.13,25.0,"(1, 0)","[2, 1, 1, 1, 1, 1, 1, 1, 1, 1, 1, 1, 1, 1, 1, 1, 1, 1, 1, 1, 1, 1, 1, 1]",,,,,,,,,,,,,,,,,,,,,
typical,201,25,9,alns,7.0,203.966,197.1685,40.528,50.8805,0.8013002167027838,0.7419440732165635,0.059356143486220314,9,"{0: 8, 1: 1}",max_iter,7.16,,,,300.0,259.0,"{0: 1.7327533864930882, 1: 0.5524713996813475, 2: 0.8286325695054498, 3: 0.31381059609000017}","{'random': 0.6015749127045301, 'probability': 0.5450831941009951, 'degree': 0.9047682502934852, 'bridge': 0.6272725137399002, 'betweenness': 1.5214938850611317, 'spectral': 1.3213883740307697}","{'random': 0.9796387902061593, 'worst': 0.9206074857052413, 'related': 1.3750833523524846}","{'random': 2, 'probability': 0, 'degree': 2, 'bridge': 0, 'betweenness': 3, 'spectral': 4}","{0: 10, 1: 1}","{0: 10, 1: 1, 2: 0, 3: 0}","{0: 143, 1: 55, 2: 66, 3: 36}","{'random': 0, 'probability': 1, 'degree': 3, 'bridge': 0, 'betweenness': 2, 'spectral': 5}","{0: 0, 1: 0, 2: 0, 3: 0}","{0: 25, 1: 640, 2: 8443, 3: 11377}","(1, 3)",300.0,20.0,6.0,0.1,0.4,0.1,3.0,
typical,201,25,12,greedy_random,7.0,203.966,197.1685,125.956,122.05,0.38246570506849187,0.38098631373672776,0.0014793913317641127,12,{0: 12},topk,0.15,25.0,"(1, 0)","[1, 1, 1, 1, 1, 1, 1, 1, 1, 1, 1, 1, 1, 1, 1, 1, 1, 1, 1, 1, 1, 1, 1, 1, 1]",,,,,,,,,,,,,,,,,,,,,
typical,201,25,12,greedy_probability,,203.966,197.1685,46.482,45.3945,0.7721090770030299,0.7697679903229978,0.0023410866800320784,12,{0: 12},topk,0.06,25.0,"(3, 13)","[16, 8, 1]",,,,,,,,,,,,,,,,,,,,,
typical,201,25,12,greedy_degree,,203.966,197.1685,64.64,60.033,0.6830844356412343,0.6955243865019006,-0.012439950860666293,12,{0: 12},topk,0.07,25.0,"(2, 0)","[2, 2, 2, 2, 2, 2, 2, 1, 1, 1, 1, 1, 1, 1, 1, 1, 1, 1]",,,,,,,,,,,,,,,,,,,,,
typical,201,25,12,greedy_bridge,,203.966,197.1685,126.166,141.519,0.38143612170655894,0.28224336037450193,0.09919276133205701,12,{0: 12},topk,0.16,25.0,"(1, 13)","[14, 11]",,,,,,,,,,,,,,,,,,,,,
typical,201,25,12,greedy_betweenness,,203.966,197.1685,81.412,87.065,0.6008550444681957,0.5584233789880229,0.04243166548017285,12,{0: 12},topk,0.11,25.0,"(1, 0)","[3, 1, 1, 1, 1, 1, 1, 1, 1, 1, 1, 1, 1, 1, 1, 1, 1, 1, 1, 1, 1, 1, 1]",,,,,,,,,,,,,,,,,,,,,
typical,201,25,12,greedy_spectral,,203.966,197.1685,89.546,90.8015,0.5609758489159957,0.5394725830951699,0.021503265820825845,12,{0: 12},topk,0.1,25.0,"(1, 0)","[2, 1, 1, 1, 1, 1, 1, 1, 1, 1, 1, 1, 1, 1, 1, 1, 1, 1, 1, 1, 1, 1, 1, 1]",,,,,,,,,,,,,,,,,,,,,
typical,201,25,12,alns,7.0,203.966,197.1685,20.716,16.2075,0.8984340527342792,0.9177987355992463,-0.019364682864967064,12,{0: 12},max_iter,7.28,,,,300.0,269.0,"{0: 1.7086918586033917, 1: 0.6247341346959723, 2: 0.5969828176484131, 3: 0.37111241093603414}","{'random': 0.9375382123555502, 'probability': 0.7343167948506003, 'degree': 1.2542360005484148, 'bridge': 1.2782760821130061, 'betweenness': 0.6310731087369901, 'spectral': 1.3080951914505212}","{'random': 0.48676730612500363, 'worst': 1.4251174756659146, 'related': 0.660712519537691}","{'random': 0, 'probability': 1, 'degree': 3, 'bridge': 1, 'betweenness': 0, 'spectral': 3}",{0: 8},"{0: 8, 1: 0, 2: 0, 3: 0}","{0: 139, 1: 56, 2: 65, 3: 40}","{'random': 0, 'probability': 1, 'degree': 8, 'bridge': 0, 'betweenness': 3, 'spectral': 6}","{0: 0, 1: 0, 2: 0, 3: 0}","{0: 25, 1: 640, 2: 8443, 3: 11377}","(1, 4)",300.0,20.0,6.0,0.1,0.4,0.1,3.0,
typical,145,35,7,greedy_random,7.0,301.714,266.5705,265.402,232.7645,0.12035238669733594,0.12681823382557333,-0.00646584712823739,7,{0: 7},topk,0.28,35.0,"(1, 0)","[1, 1, 1, 1, 1, 1, 1, 1, 1, 1, 1, 1, 1, 1, 1, 1, 1, 1, 1, 1, 1, 1, 1, 1, 1, 1, 1, 1, 1, 1, 1, 1, 1, 1, 1]",,,,,,,,,,,,,,,,,,,,,
typical,145,35,7,greedy_probability,,301.714,266.5705,156.158,146.877,0.4824303810893761,0.44901255015089814,0.033417830938477944,7,{0: 7},topk,0.18,35.0,"(4, 6)","[22, 10, 3]",,,,,,,,,,,,,,,,,,,,,
typical,145,35,7,greedy_degree,,301.714,266.5705,234.86,211.851,0.2215807022544528,0.20527215126955156,0.01630855098490125,7,{0: 7},topk,0.24,35.0,"(1, 0)","[6, 5, 2, 1, 1, 1, 1, 1, 1, 1, 1, 1, 1, 1, 1, 1, 1, 1, 1, 1, 1, 1, 1, 1, 1]",,,,,,,,,,,,,,,,,,,,,
typical,145,35,7,greedy_bridge,,301.714,266.5705,298.65,261.9565,0.010155312647076475,0.01730874196507104,-0.007153429317994564,7,{0: 7},topk,0.3,35.0,"(7, 6)","[22, 13]",,,,,,,,,,,,,,,,,,,,,
typical,145,35,7,greedy_betweenness,,301.714,266.5705,234.86,211.851,0.2215807022544528,0.20527215126955156,0.01630855098490125,7,{0: 7},topk,0.0,35.0,"(1, 0)","[6, 1, 1, 1, 1, 1, 1, 1, 1, 1, 1, 1, 1, 1, 1, 1, 1, 1, 1, 1, 1, 1, 1, 1, 1, 1, 1, 1, 1, 1]",,,,,,,,,,,,,,,,,,,,,
typical,145,35,7,greedy_spectral,,301.714,266.5705,234.86,211.851,0.2215807022544528,0.20527215126955156,0.01630855098490125,7,{0: 7},topk,0.0,35.0,"(1, 0)","[5, 1, 1, 1, 1, 1, 1, 1, 1, 1, 1, 1, 1, 1, 1, 1, 1, 1, 1, 1, 1, 1, 1, 1, 1, 1, 1, 1, 1, 1, 1]",,,,,,,,,,,,,,,,,,,,,
typical,145,35,7,alns,7.0,301.714,266.5705,117.664,117.3685,0.610014782210968,0.5597093451826065,0.050305437028361544,7,{0: 7},max_iter,17.07,,,,300.0,278.0,"{0: 3.127270830502139, 1: 1.4278821603303569, 2: 0.8018556078132724, 3: 0.9717781003655404}","{'random': 1.6370407256161377, 'probability': 1.0900338521310002, 'degree': 2.3948715525793234, 'bridge': 0.8802290365202253, 'betweenness': 1.7545980005808757, 'spectral': 2.1925929331881586}","{'random': 1.2299313228592987, 'worst': 2.928799559866993, 'related': 1.0927281408700236}","{'random': 2, 'probability': 0, 'degree': 5, 'bridge': 0, 'betweenness': 2, 'spectral': 1}",{0: 10},"{0: 10, 1: 0, 2: 0, 3: 0}","{0: 139, 1: 69, 2: 43, 3: 49}","{'random': 1, 'probability': 0, 'degree': 3, 'bridge': 0, 'betweenness': 3, 'spectral': 7}","{0: 0, 1: 0, 2: 0, 3: 0}","{0: 35, 1: 2041, 2: 13592, 3: 6065}","(1, 2)",300.0,20.0,6.0,0.1,0.4,0.1,3.0,
typical,145,35,12,greedy_random,7.0,301.714,266.5705,243.506,215.2735,0.19292442511782681,0.1924331462033495,0.0004912789144773111,12,{0: 12},topk,0.25,35.0,"(1, 0)","[1, 1, 1, 1, 1, 1, 1, 1, 1, 1, 1, 1, 1, 1, 1, 1, 1, 1, 1, 1, 1, 1, 1, 1, 1, 1, 1, 1, 1, 1, 1, 1, 1, 1, 1]",,,,,,,,,,,,,,,,,,,,,
typical,145,35,12,greedy_probability,,301.714,266.5705,141.508,129.7845,0.5309862982824793,0.5131325484252758,0.01785374985720356,12,{0: 12},topk,0.16,35.0,"(9, 1)","[22, 10, 3]",,,,,,,,,,,,,,,,,,,,,
typical,145,35,12,greedy_degree,,301.714,266.5705,166.534,149.8295,0.4480401970077623,0.43793668091555515,0.010103516092207165,12,{0: 12},topk,0.18,35.0,"(1, 0)","[6, 5, 2, 1, 1, 1, 1, 1, 1, 1, 1, 1, 1, 1, 1, 1, 1, 1, 1, 1, 1, 1, 1, 1, 1]",,,,,,,,,,,,,,,,,,,,,
typical,145,35,12,greedy_bridge,,301.714,266.5705,298.538,261.84,0.010526525119815444,0.017745774569954298,-0.007219249450138854,12,{0: 12},topk,0.31,35.0,"(12, 1)","[22, 13]",,,,,,,,,,,,,,,,,,,,,
typical,145,35,12,greedy_betweenness,,301.714,266.5705,156.322,138.371,0.4818868199685795,0.48092155733661446,0.0009652626319650581,12,{0: 12},topk,0.16,35.0,"(1, 0)","[6, 1, 1, 1, 1, 1, 1, 1, 1, 1, 1, 1, 1, 1, 1, 1, 1, 1, 1, 1, 1, 1, 1, 1, 1, 1, 1, 1, 1, 1]",,,,,,,,,,,,,,,,,,,,,
typical,145,35,12,greedy_spectral,,301.714,266.5705,148.456,136.234,0.5079578673843441,0.4889381983377755,0.0190196690465686,12,{0: 12},topk,0.17,35.0,"(1, 0)","[5, 1, 1, 1, 1, 1, 1, 1, 1, 1, 1, 1, 1, 1, 1, 1, 1, 1, 1, 1, 1, 1, 1, 1, 1, 1, 1, 1, 1, 1, 1]",,,,,,,,,,,,,,,,,,,,,
typical,145,35,12,alns,7.0,301.714,266.5705,65.822,75.173,0.7818397555300716,0.717999553589013,0.06384020194105855,12,{0: 12},max_iter,13.7,,,,300.0,286.0,"{0: 2.853246119525447, 1: 0.6687146897379855, 2: 0.6548529783518102, 3: 0.6574218667592472}","{'random': 1.282598836910592, 'probability': 1.564786065432056, 'degree': 2.6070223412025, 'bridge': 0.8246070769144951, 'betweenness': 1.2671475208094551, 'spectral': 1.9729119580625338}","{'random': 1.1513870996587199, 'worst': 2.191648096900151, 'related': 1.1198782815788086}","{'random': 1, 'probability': 2, 'degree': 4, 'bridge': 0, 'betweenness': 2, 'spectral': 3}",{0: 12},"{0: 12, 1: 0, 2: 0, 3: 0}","{0: 139, 1: 59, 2: 48, 3: 54}","{'random': 1, 'probability': 1, 'degree': 5, 'bridge': 0, 'betweenness': 3, 'spectral': 5}","{0: 0, 1: 0, 2: 0, 3: 0}","{0: 35, 1: 2041, 2: 13592, 3: 6065}","(1, 4)",300.0,20.0,6.0,0.1,0.4,0.1,3.0,
typical,145,35,18,greedy_random,7.0,301.714,266.5705,177.948,153.059,0.410209668759156,0.42582168694585487,-0.015612018186698884,18,{0: 18},topk,0.17,35.0,"(1, 0)","[1, 1, 1, 1, 1, 1, 1, 1, 1, 1, 1, 1, 1, 1, 1, 1, 1, 1, 1, 1, 1, 1, 1, 1, 1, 1, 1, 1, 1, 1, 1, 1, 1, 1, 1]",,,,,,,,,,,,,,,,,,,,,
typical,145,35,18,greedy_probability,,301.714,266.5705,69.428,63.2865,0.7698880396667043,0.7625900090220036,0.007298030644700693,18,{0: 18},topk,0.08,35.0,"(5, 17)","[22, 10, 3]",,,,,,,,,,,,,,,,,,,,,
typical,145,35,18,greedy_degree,,301.714,266.5705,22.564,23.9905,0.9252139443313867,0.9100031698931427,0.015210774438244035,18,{0: 18},topk,0.03,35.0,"(1, 1)","[6, 5, 2, 1, 1, 1, 1, 1, 1, 1, 1, 1, 1, 1, 1, 1, 1, 1, 1, 1, 1, 1, 1, 1, 1]",,,,,,,,,,,,,,,,,,,,,
typical,145,35,18,greedy_bridge,,301.714,266.5705,253.652,218.9485,0.15929655236415952,0.1786469245471648,-0.019350372183005282,18,{0: 18},topk,0.26,35.0,"(5, 17)","[22, 13]",,,,,,,,,,,,,,,,,,,,,
typical,145,35,18,greedy_betweenness,,301.714,266.5705,30.182,32.927,0.8999648673909729,0.8764792053134162,0.023485662077556757,18,{0: 18},topk,0.04,35.0,"(1, 0)","[6, 1, 1, 1, 1, 1, 1, 1, 1, 1, 1, 1, 1, 1, 1, 1, 1, 1, 1, 1, 1, 1, 1, 1, 1, 1, 1, 1, 1, 1]",,,,,,,,,,,,,,,,,,,,,
typical,145,35,18,greedy_spectral,,301.714,266.5705,29.016,28.1795,0.903829454383953,0.8942887528815079,0.009540701502445126,18,{0: 18},topk,0.04,35.0,"(1, 0)","[5, 1, 1, 1, 1, 1, 1, 1, 1, 1, 1, 1, 1, 1, 1, 1, 1, 1, 1, 1, 1, 1, 1, 1, 1, 1, 1, 1, 1, 1, 1]",,,,,,,,,,,,,,,,,,,,,
typical,145,35,18,alns,7.0,301.714,266.5705,19.962,25.079,0.9338380055284143,0.9059198223359299,0.027918183192484403,18,{0: 18},max_iter,7.28,,,,300.0,278.0,"{0: 0.9284642785924814, 1: 0.2802407075732724, 2: 0.28384168416340516, 3: 0.25418658283290013}","{'random': 0.31381059609000017, 'probability': 0.22876792454961012, 'degree': 0.25418658283290013, 'bridge': 0.4647848738688991, 'betweenness': 0.7530277516424667, 'spectral': 0.7588740430476231}","{'random': 0.3317134905969346, 'worst': 0.8915359034916901, 'related': 0.3374326887106749}","{'random': 0, 'probability': 0, 'degree': 0, 'bridge': 1, 'betweenness': 2, 'spectral': 4}",{0: 7},"{0: 7, 1: 0, 2: 0, 3: 0}","{0: 157, 1: 55, 2: 55, 3: 33}","{'random': 0, 'probability': 0, 'degree': 3, 'bridge': 0, 'betweenness': 4, 'spectral': 8}","{0: 0, 1: 0, 2: 0, 3: 0}","{0: 35, 1: 2041, 2: 13592, 3: 6065}","(1, 7)",300.0,20.0,6.0,0.1,0.4,0.1,3.0,
typical,587,10,3,greedy_random,7.0,303.566,274.1475,265.142,240.3325,0.12657543993727882,0.12334600899150994,0.0032294309457688852,3,{0: 3},topk,0.28,10.0,"(1, 0)","[1, 1, 1, 1, 1, 1, 1, 1, 1, 1]",,,,,,,,,,,,,,,,,,,,,
typical,587,10,3,greedy_probability,,303.566,274.1475,103.788,98.4235,0.6581040037421846,0.6409834122142277,0.017120591527956863,3,{0: 3},topk,0.12,10.0,"(2, 2)","[5, 4, 1]",,,,,,,,,,,,,,,,,,,,,
typical,587,10,3,greedy_degree,,303.566,274.1475,145.432,124.28,0.5209213152988148,0.5466673962009502,-0.02574608090213537,3,{0: 3},topk,0.15,10.0,"(1, 0)","[1, 1, 1, 1, 1, 1, 1, 1, 1, 1]",,,,,,,,,,,,,,,,,,,,,
typical,587,10,3,greedy_bridge,,303.566,274.1475,154.376,134.911,0.49145820019369757,0.5078890013587576,-0.016430801165060016,3,{0: 3},topk,0.16,10.0,"(2, 7)","[9, 1]",,,,,,,,,,,,,,,,,,,,,
typical,587,10,3,greedy_betweenness,,303.566,274.1475,237.882,229.4585,0.21637469281803623,0.163010787988218,0.05336390482981823,3,{0: 3},topk,0.26,10.0,"(1, 0)","[1, 1, 1, 1, 1, 1, 1, 1, 1, 1]",,,,,,,,,,,,,,,,,,,,,
typical,587,10,3,greedy_spectral,,303.566,274.1475,255.96,240.3995,0.15682256906241132,0.12310161500652017,0.03372095405589115,3,{0: 3},topk,0.28,10.0,"(1, 0)","[1, 1, 1, 1, 1, 1, 1, 1, 1, 1]",,,,,,,,,,,,,,,,,,,,,
typical,587,10,3,alns,7.0,303.566,274.1475,97.564,92.9365,0.6786069586185541,0.6609981852834697,0.017608773335084482,3,{0: 3},max_iter,11.01,,,,300.0,210.0,"{0: 1.5574573939961789, 1: 0.5761562544212401, 2: 0.7107810001438502, 3: 0.4327526572730125}","{'random': 0.8353458747575181, 'probability': 1.130201356128906, 'degree': 0.8664545915991971, 'bridge': 1.0671203671293559, 'betweenness': 0.47071589413500015, 'spectral': 0.31381059609000017}","{'random': 0.44965704465177964, 'worst': 0.7275541765048609, 'related': 0.9725481366337724}","{'random': 1, 'probability': 2, 'degree': 3, 'bridge': 1, 'betweenness': 0, 'spectral': 0}","{0: 6, 1: 1}","{0: 6, 1: 1, 2: 0, 3: 0}","{0: 129, 1: 60, 2: 64, 3: 47}","{'random': 5, 'probability': 9, 'degree': 7, 'bridge': 1, 'betweenness': 0, 'spectral': 4}","{0: 0, 1: 0, 2: 0, 3: 0}","{0: 10, 1: 540, 2: 9244, 3: 11048}","(1, 1)",300.0,20.0,6.0,0.1,0.4,0.1,3.0,
typical,587,10,4,greedy_random,7.0,303.566,274.1475,240.568,222.0395,0.20752653459214787,0.1900728622365696,0.017453672355578265,4,{0: 4},topk,0.27,10.0,"(1, 0)","[1, 1, 1, 1, 1, 1, 1, 1, 1, 1]",,,,,,,,,,,,,,,,,,,,,
typical,587,10,4,greedy_probability,,303.566,274.1475,77.876,72.7325,0.7434627066272244,0.7346957386078662,0.008766968019358168,4,{0: 4},topk,0.08,10.0,"(3, 1)","[5, 4, 1]",,,,,,,,,,,,,,,,,,,,,
typical,587,10,4,greedy_degree,,303.566,274.1475,119.52,100.8935,0.6062800181838546,0.6319736638123638,-0.025693645628509176,4,{0: 4},topk,0.12,10.0,"(1, 0)","[1, 1, 1, 1, 1, 1, 1, 1, 1, 1]",,,,,,,,,,,,,,,,,,,,,
typical,587,10,4,greedy_bridge,,303.566,274.1475,145.416,124.2605,0.5209740221236897,0.5467385257935965,-0.02576450366990679,4,{0: 4},topk,0.16,10.0,"(3, 6)","[9, 1]",,,,,,,,,,,,,,,,,,,,,
typical,587,10,4,greedy_betweenness,,303.566,274.1475,232.778,224.354,0.23318816995315672,0.1816303267401671,0.05155784321298962,4,{0: 4},topk,0.25,10.0,"(1, 0)","[1, 1, 1, 1, 1, 1, 1, 1, 1, 1]",,,,,,,,,,,,,,,,,,,,,
typical,587,10,4,greedy_spectral,,303.566,274.1475,105.346,99.6395,0.6529716766699827,0.6365478437702332,0.01642383289974947,4,{0: 4},topk,0.11,10.0,"(1, 0)","[1, 1, 1, 1, 1, 1, 1, 1, 1, 1]",,,,,,,,,,,,,,,,,,,,,
typical,587,10,4,alns,7.0,303.566,274.1475,67.734,67.945,0.7768722452448562,0.752158965520386,0.02471327972447024,4,{0: 4},max_iter,10.6,,,,300.0,220.0,"{0: 1.3420428933505517, 1: 0.6363137456916932, 2: 0.571919811374025, 3: 0.5902777312452901}","{'random': 1.0094031633830944, 'probability': 0.9884998908990995, 'degree': 0.8519957683843504, 'bridge': 0.5840363871675002, 'betweenness': 0.7874337212473485, 'spectral': 0.49895884778310035}","{'random': 0.7489123498251722, 'worst': 0.9178253861791303, 'related': 0.7638271946284637}","{'random': 3, 'probability': 1, 'degree': 1, 'bridge': 0, 'betweenness': 2, 'spectral': 0}",{0: 7},"{0: 7, 1: 0, 2: 0, 3: 0}","{0: 116, 1: 64, 2: 64, 3: 56}","{'random': 3, 'probability': 8, 'degree': 5, 'bridge': 2, 'betweenness': 3, 'spectral': 0}","{0: 0, 1: 0, 2: 0, 3: 0}","{0: 10, 1: 540, 2: 9244, 3: 11048}","(1, 1)",300.0,20.0,6.0,0.1,0.4,0.1,3.0,
typical,359,22,4,greedy_random,7.0,325.596,304.7485,286.894,263.9905,0.11886509662280864,0.13374307010534914,-0.014877973482540496,4,{0: 4},topk,0.29,22.0,"(1, 0)","[1, 1, 1, 1, 1, 1, 1, 1, 1, 1, 1, 1, 1, 1, 1, 1, 1, 1, 1, 1, 1, 1]",,,,,,,,,,,,,,,,,,,,,
typical,359,22,4,greedy_probability,,325.596,304.7485,212.318,189.333,0.3479096794800919,0.37872376730320245,-0.03081408782311057,4,{0: 4},topk,0.22,22.0,"(4, 0)","[13, 5, 4]",,,,,,,,,,,,,,,,,,,,,
typical,359,22,4,greedy_degree,,325.596,304.7485,283.188,266.617,0.130247300335385,0.12512448789739727,0.005122812437987734,4,{0: 4},topk,0.3,22.0,"(1, 0)","[2, 2, 1, 1, 1, 1, 1, 1, 1, 1, 1, 1, 1, 1, 1, 1, 1, 1, 1, 1]",,,,,,,,,,,,,,,,,,,,,
typical,359,22,4,greedy_bridge,,325.596,304.7485,301.022,286.7835,0.07547390017076383,0.05895024913986446,0.016523651030899367,4,{0: 4},topk,0.32,22.0,"(1, 18)","[19, 3]",,,,,,,,,,,,,,,,,,,,,
typical,359,22,4,greedy_betweenness,,325.596,304.7485,284.466,266.339,0.12632219069030326,0.12603671552115925,0.0002854751691440116,4,{0: 4},topk,0.3,22.0,"(1, 0)","[1, 1, 1, 1, 1, 1, 1, 1, 1, 1, 1, 1, 1, 1, 1, 1, 1, 1, 1, 1, 1, 1]",,,,,,,,,,,,,,,,,,,,,
typical,359,22,4,greedy_spectral,,325.596,304.7485,283.188,266.617,0.130247300335385,0.12512448789739727,0.005122812437987734,4,{0: 4},topk,0.0,22.0,"(1, 0)","[1, 1, 1, 1, 1, 1, 1, 1, 1, 1, 1, 1, 1, 1, 1, 1, 1, 1, 1, 1, 1, 1]",,,,,,,,,,,,,,,,,,,,,
typical,359,22,4,alns,7.0,325.596,304.7485,174.068,179.498,0.4653865526603521,0.41099628053952686,0.054390272120825256,4,{0: 4},max_iter,16.31,,,,300.0,232.0,"{0: 2.1341652561158653, 1: 0.6666749208634006, 2: 0.5153935570011852, 3: 0.5363336897774194}","{'random': 0.9435432852808346, 'probability': 1.683830266208701, 'degree': 1.258955228616332, 'bridge': 0.6328775196645079, 'betweenness': 0.8959606328965593, 'spectral': 0.5805496027665003}","{'random': 1.2478170279220426, 'worst': 1.0261880728406998, 'related': 1.2409024760668779}","{'random': 1, 'probability': 5, 'degree': 2, 'bridge': 0, 'betweenness': 1, 'spectral': 0}",{0: 9},"{0: 9, 1: 0, 2: 0, 3: 0}","{0: 147, 1: 49, 2: 60, 3: 44}","{'random': 2, 'probability': 4, 'degree': 6, 'bridge': 2, 'betweenness': 4, 'spectral': 3}","{0: 0, 1: 0, 2: 0, 3: 0}","{0: 22, 1: 927, 2: 11508, 3: 8839}","(1, 1)",300.0,20.0,6.0,0.1,0.4,0.1,3.0,
typical,359,22,8,greedy_random,7.0,325.596,304.7485,250.846,224.6975,0.22957898745684835,0.2626788975171329,-0.033099910060284565,8,{0: 8},topk,0.25,22.0,"(1, 0)","[1, 1, 1, 1, 1, 1, 1, 1, 1, 1, 1, 1, 1, 1, 1, 1, 1, 1, 1, 1, 1, 1]",,,,,,,,,,,,,,,,,,,,,
typical,359,22,8,greedy_probability,,325.596,304.7485,124.708,107.8805,0.6169854666519246,0.6460015389739409,-0.029016072322016306,8,{0: 8},topk,0.12,22.0,"(4, 1)","[13, 5, 4]",,,,,,,,,,,,,,,,,,,,,
typical,359,22,8,greedy_degree,,325.596,304.7485,188.132,183.8095,0.42219191881964147,0.39684854888539234,0.025343369934249127,8,{0: 8},topk,0.2,22.0,"(1, 0)","[2, 2, 1, 1, 1, 1, 1, 1, 1, 1, 1, 1, 1, 1, 1, 1, 1, 1, 1, 1]",,,,,,,,,,,,,,,,,,,,,
typical,359,22,8,greedy_bridge,,325.596,304.7485,262.544,246.012,0.1936510276539024,0.19273761806866974,0.0009134095852326718,8,{0: 8},topk,0.27,22.0,"(5, 14)","[19, 3]",,,,,,,,,,,,,,,,,,,,,
typical,359,22,8,greedy_betweenness,,325.596,304.7485,203.66,186.865,0.374500915244659,0.3868222485098367,-0.012321333265177703,8,{0: 8},topk,0.21,22.0,"(1, 0)","[1, 1, 1, 1, 1, 1, 1, 1, 1, 1, 1, 1, 1, 1, 1, 1, 1, 1, 1, 1, 1, 1]",,,,,,,,,,,,,,,,,,,,,
typical,359,22,8,greedy_spectral,,325.596,304.7485,203.66,186.865,0.374500915244659,0.3868222485098367,-0.012321333265177703,8,{0: 8},topk,0.0,22.0,"(1, 0)","[1, 1, 1, 1, 1, 1, 1, 1, 1, 1, 1, 1, 1, 1, 1, 1, 1, 1, 1, 1, 1, 1]",,,,,,,,,,,,,,,,,,,,,
typical,359,22,8,alns,7.0,325.596,304.7485,92.772,90.3755,0.7150702097077359,0.703442346721969,0.011627862985766901,8,{0: 8},max_iter,14.28,,,,300.0,277.0,"{0: 2.114347222614128, 1: 0.6299355453261638, 2: 0.6157591516477982, 3: 0.7364350163742076}","{'random': 0.9778338174164403, 'probability': 1.6505695515842107, 'degree': 1.8064337643176902, 'bridge': 0.7282647333545788, 'betweenness': 0.8002170200295002, 'spectral': 1.2260142895906037}","{'random': 0.8785979409157516, 'worst': 1.7096152644135487, 'related': 0.822762069854309}","{'random': 1, 'probability': 4, 'degree': 4, 'bridge': 0, 'betweenness': 0, 'spectral': 2}",{0: 11},"{0: 11, 1: 0, 2: 0, 3: 0}","{0: 135, 1: 50, 2: 43, 3: 72}","{'random': 1, 'probability': 4, 'degree': 3, 'bridge': 1, 'betweenness': 1, 'spectral': 4}","{0: 0, 1: 0, 2: 0, 3: 0}","{0: 22, 1: 927, 2: 11508, 3: 8839}","(1, 3)",300.0,20.0,6.0,0.1,0.4,0.1,3.0,
typical,359,22,11,greedy_random,7.0,325.596,304.7485,202.894,181.663,0.37685352399906635,0.40389206181490633,-0.02703853781583998,11,{0: 11},topk,0.21,22.0,"(1, 0)","[1, 1, 1, 1, 1, 1, 1, 1, 1, 1, 1, 1, 1, 1, 1, 1, 1, 1, 1, 1, 1, 1]",,,,,,,,,,,,,,,,,,,,,
typical,359,22,11,greedy_probability,,325.596,304.7485,74.744,68.3465,0.7704394402879642,0.7757281824192735,-0.005288742131309365,11,{0: 11},topk,0.08,22.0,"(2, 11)","[13, 5, 4]",,,,,,,,,,,,,,,,,,,,,
typical,359,22,11,greedy_degree,,325.596,304.7485,163.686,159.6905,0.49727269376773664,0.47599249873256144,0.021280195035175198,11,{0: 11},topk,0.18,22.0,"(1, 0)","[2, 2, 1, 1, 1, 1, 1, 1, 1, 1, 1, 1, 1, 1, 1, 1, 1, 1, 1, 1]",,,,,,,,,,,,,,,,,,,,,
typical,359,22,11,greedy_bridge,,325.596,304.7485,248.178,232.388,0.2377731913168467,0.23744333442166243,0.0003298568951842773,11,{0: 11},topk,0.26,22.0,"(8, 11)","[19, 3]",,,,,,,,,,,,,,,,,,,,,
typical,359,22,11,greedy_betweenness,,325.596,304.7485,101.052,100.3295,0.689639921866362,0.6707793475603654,0.018860574305996636,11,{0: 11},topk,0.11,22.0,"(1, 0)","[1, 1, 1, 1, 1, 1, 1, 1, 1, 1, 1, 1, 1, 1, 1, 1, 1, 1, 1, 1, 1, 1]",,,,,,,,,,,,,,,,,,,,,
typical,359,22,11,greedy_spectral,,325.596,304.7485,163.686,159.6905,0.49727269376773664,0.47599249873256144,0.021280195035175198,11,{0: 11},topk,0.0,22.0,"(1, 0)","[1, 1, 1, 1, 1, 1, 1, 1, 1, 1, 1, 1, 1, 1, 1, 1, 1, 1, 1, 1, 1, 1]",,,,,,,,,,,,,,,,,,,,,
typical,359,22,11,alns,7.0,325.596,304.7485,59.456,65.7495,0.8173933340704431,0.7842499634944881,0.03314337057595507,11,{0: 11},max_iter,9.65,,,,300.0,265.0,"{0: 1.2917678069771767, 1: 0.27597400421857726, 2: 0.25418658283290013, 3: 0.36475251618861004}","{'random': 0.28242953648100017, 'probability': 1.0979095893287494, 'degree': 0.903719362315995, 'bridge': 0.22876792454961012, 'betweenness': 0.6074924839450844, 'spectral': 1.184077905823479}","{'random': 0.7612557851977831, 'worst': 1.0211803114306468, 'related': 0.2058911320946491}","{'random': 0, 'probability': 2, 'degree': 0, 'bridge': 0, 'betweenness': 2, 'spectral': 3}",{0: 7},"{0: 7, 1: 0, 2: 0, 3: 0}","{0: 164, 1: 52, 2: 34, 3: 50}","{'random': 0, 'probability': 1, 'degree': 2, 'bridge': 0, 'betweenness': 4, 'spectral': 6}","{0: 0, 1: 0, 2: 0, 3: 0}","{0: 22, 1: 927, 2: 11508, 3: 8839}","(1, 4)",300.0,20.0,6.0,0.1,0.4,0.1,3.0,
typical,218,25,5,greedy_random,7.0,370.246,366.4855,329.372,322.204,0.11039687126937214,0.1208274270059797,-0.01043055573660756,5,{0: 5},topk,0.35,25.0,"(1, 0)","[1, 1, 1, 1, 1, 1, 1, 1, 1, 1, 1, 1, 1, 1, 1, 1, 1, 1, 1, 1, 1, 1, 1, 1, 1]",,,,,,,,,,,,,,,,,,,,,
typical,218,25,5,greedy_probability,,370.246,366.4855,165.44,151.899,0.5531619517834089,0.5855252117750906,-0.03236325999168177,5,{0: 5},topk,0.17,25.0,"(1, 2)","[18, 3, 3, 1]",,,,,,,,,,,,,,,,,,,,,
typical,218,25,5,greedy_degree,,370.246,366.4855,273.396,271.724,0.26158283951750994,0.2585682107477649,0.003014628769745009,5,{0: 5},topk,0.3,25.0,"(1, 0)","[2, 2, 2, 1, 1, 1, 1, 1, 1, 1, 1, 1, 1, 1, 1, 1, 1, 1, 1, 1, 1, 1]",,,,,,,,,,,,,,,,,,,,,
typical,218,25,5,greedy_bridge,,370.246,366.4855,326.278,318.597,0.1187534774177168,0.1306695626429969,-0.011916085225280093,5,{0: 5},topk,0.35,25.0,"(2, 20)","[22, 3]",,,,,,,,,,,,,,,,,,,,,
typical,218,25,5,greedy_betweenness,,370.246,366.4855,272.35,272.224,0.26440798820243827,0.2572039002907346,0.007204087911703683,5,{0: 5},topk,0.3,25.0,"(1, 0)","[2, 1, 1, 1, 1, 1, 1, 1, 1, 1, 1, 1, 1, 1, 1, 1, 1, 1, 1, 1, 1, 1, 1, 1]",,,,,,,,,,,,,,,,,,,,,
typical,218,25,5,greedy_spectral,,370.246,366.4855,274.716,272.724,0.2580176423242925,0.25583958983370425,0.0021780524905882226,5,{0: 5},topk,0.3,25.0,"(1, 0)","[1, 1, 1, 1, 1, 1, 1, 1, 1, 1, 1, 1, 1, 1, 1, 1, 1, 1, 1, 1, 1, 1, 1, 1, 1]",,,,,,,,,,,,,,,,,,,,,
typical,218,25,5,alns,7.0,370.246,366.4855,165.44,151.899,0.5531619517834089,0.5855252117750906,-0.03236325999168177,5,{0: 5},max_iter,17.23,,,,300.0,259.0,"{0: 0.8478691590457669, 1: 0.43477812387454506, 2: 0.3903882268008623, 3: 0.5400052737516724}","{'random': 0.47306366229834, 'probability': 0.7345992243870811, 'degree': 0.31381059609000017, 'bridge': 0.5803459745574817, 'betweenness': 0.6185206848933904, 'spectral': 1.0269137946449165}","{'random': 0.7059465237606579, 'worst': 0.5683617346848262, 'related': 0.37587336597957094}","{'random': 0, 'probability': 2, 'degree': 0, 'bridge': 1, 'betweenness': 1, 'spectral': 1}",{0: 5},"{0: 5, 1: 0, 2: 0, 3: 0}","{0: 119, 1: 43, 2: 61, 3: 77}","{'random': 1, 'probability': 9, 'degree': 0, 'bridge': 0, 'betweenness': 0, 'spectral': 2}","{0: 0, 1: 0, 2: 0, 3: 0}","{0: 25, 1: 1431, 2: 12937, 3: 7220}","(1, 2)",300.0,20.0,6.0,0.1,0.4,0.1,3.0,
typical,218,25,9,greedy_random,7.0,370.246,366.4855,258.434,240.1415,0.3019938095212371,0.34474488076608756,-0.04275107124485045,9,{0: 9},topk,0.27,25.0,"(1, 0)","[1, 1, 1, 1, 1, 1, 1, 1, 1, 1, 1, 1, 1, 1, 1, 1, 1, 1, 1, 1, 1, 1, 1, 1, 1]",,,,,,,,,,,,,,,,,,,,,
typical,218,25,9,greedy_probability,,370.246,366.4855,116.722,104.796,0.6847447372827795,0.7140514426900928,-0.029306705407313283,9,{0: 9},topk,0.12,25.0,"(2, 16)","[18, 3, 3, 1]",,,,,,,,,,,,,,,,,,,,,
typical,218,25,9,greedy_degree,,370.246,366.4855,222.226,215.3825,0.39978824889397857,0.41230280597731694,-0.012514557083338373,9,{0: 9},topk,0.24,25.0,"(1, 0)","[2, 2, 2, 1, 1, 1, 1, 1, 1, 1, 1, 1, 1, 1, 1, 1, 1, 1, 1, 1, 1, 1]",,,,,,,,,,,,,,,,,,,,,
typical,218,25,9,greedy_bridge,,370.246,366.4855,299.254,295.8395,0.19174278722795102,0.19276615309473366,-0.001023365866782644,9,{0: 9},topk,0.32,25.0,"(6, 16)","[22, 3]",,,,,,,,,,,,,,,,,,,,,
typical,218,25,9,greedy_betweenness,,370.246,366.4855,237.472,233.65,0.35861022131231657,0.3624577234297127,-0.003847502117396151,9,{0: 9},topk,0.26,25.0,"(1, 0)","[2, 1, 1, 1, 1, 1, 1, 1, 1, 1, 1, 1, 1, 1, 1, 1, 1, 1, 1, 1, 1, 1, 1, 1]",,,,,,,,,,,,,,,,,,,,,
typical,218,25,9,greedy_spectral,,370.246,366.4855,226.098,219.792,0.3893303371272072,0.4002709520567662,-0.010940614929559,9,{0: 9},topk,0.25,25.0,"(1, 0)","[1, 1, 1, 1, 1, 1, 1, 1, 1, 1, 1, 1, 1, 1, 1, 1, 1, 1, 1, 1, 1, 1, 1, 1, 1]",,,,,,,,,,,,,,,,,,,,,
typical,218,25,9,alns,7.0,370.246,366.4855,107.894,97.158,0.7085883439659038,0.7348926492316885,-0.026304305265784755,9,{0: 9},max_iter,16.14,,,,300.0,275.0,"{0: 2.4546486313655085, 1: 0.5264428446932491, 2: 0.5237434278660601, 3: 0.6015043053204099}","{'random': 1.8422097032320517, 'probability': 1.3880712459930777, 'degree': 1.1279905604794516, 'bridge': 2.0753953382052677, 'betweenness': 1.2311818964201344, 'spectral': 1.2909762017486464}","{'random': 1.3629610094901217, 'worst': 1.7465089048017886, 'related': 0.7928632315602034}","{'random': 1, 'probability': 3, 'degree': 2, 'bridge': 2, 'betweenness': 1, 'spectral': 1}",{0: 10},"{0: 10, 1: 0, 2: 0, 3: 0}","{0: 140, 1: 57, 2: 44, 3: 59}","{'random': 0, 'probability': 10, 'degree': 6, 'bridge': 2, 'betweenness': 0, 'spectral': 2}","{0: 0, 1: 0, 2: 0, 3: 0}","{0: 25, 1: 1431, 2: 12937, 3: 7220}","(1, 3)",300.0,20.0,6.0,0.1,0.4,0.1,3.0,
typical,218,25,12,greedy_random,7.0,370.246,366.4855,234.036,221.7215,0.3678905376425403,0.39500607800308607,-0.027115540360545753,12,{0: 12},topk,0.25,25.0,"(1, 0)","[1, 1, 1, 1, 1, 1, 1, 1, 1, 1, 1, 1, 1, 1, 1, 1, 1, 1, 1, 1, 1, 1, 1, 1, 1]",,,,,,,,,,,,,,,,,,,,,
typical,218,25,12,greedy_probability,,370.246,366.4855,94.586,77.4755,0.7445320138502509,0.7885987303726887,-0.044066716522437765,12,{0: 12},topk,0.09,25.0,"(5, 13)","[18, 3, 3, 1]",,,,,,,,,,,,,,,,,,,,,
typical,218,25,12,greedy_degree,,370.246,366.4855,135.828,126.7225,0.633141208817921,0.6542223362179405,-0.02108112740001944,12,{0: 12},topk,0.16,25.0,"(2, 0)","[2, 2, 2, 1, 1, 1, 1, 1, 1, 1, 1, 1, 1, 1, 1, 1, 1, 1, 1, 1, 1, 1]",,,,,,,,,,,,,,,,,,,,,
typical,218,25,12,greedy_bridge,,370.246,366.4855,268.588,264.8925,0.27456880020310814,0.2772087845221708,-0.0026399843190626493,12,{0: 12},topk,0.31,25.0,"(9, 13)","[22, 3]",,,,,,,,,,,,,,,,,,,,,
typical,218,25,12,greedy_betweenness,,370.246,366.4855,197.806,196.7335,0.465744396968502,0.46318885740363536,0.002555539564866649,12,{0: 12},topk,0.22,25.0,"(1, 0)","[2, 1, 1, 1, 1, 1, 1, 1, 1, 1, 1, 1, 1, 1, 1, 1, 1, 1, 1, 1, 1, 1, 1, 1]",,,,,,,,,,,,,,,,,,,,,
typical,218,25,12,greedy_spectral,,370.246,366.4855,142.368,130.524,0.6154772772697071,0.6438494838131386,-0.028372206543431422,12,{0: 12},topk,0.15,25.0,"(1, 0)","[1, 1, 1, 1, 1, 1, 1, 1, 1, 1, 1, 1, 1, 1, 1, 1, 1, 1, 1, 1, 1, 1, 1, 1, 1]",,,,,,,,,,,,,,,,,,,,,
typical,218,25,12,alns,7.0,370.246,366.4855,73.204,65.259,0.802282806566445,0.8219329277693115,-0.019650121202866466,12,{0: 12},max_iter,13.32,,,,300.0,276.0,"{0: 1.8955766206824278, 1: 0.25418658283290013, 2: 0.2802407075732724, 3: 0.8078722551818956}","{'random': 0.701289585583839, 'probability': 0.9027494021253065, 'degree': 0.6151849944831003, 'bridge': 1.5934576249629004, 'betweenness': 1.3449867682357914, 'spectral': 0.9535485745141112}","{'random': 0.5632495560638103, 'worst': 1.4707486276524757, 'related': 0.48345123699093473}","{'random': 2, 'probability': 1, 'degree': 0, 'bridge': 1, 'betweenness': 3, 'spectral': 1}",{0: 8},"{0: 8, 1: 0, 2: 0, 3: 0}","{0: 156, 1: 26, 2: 51, 3: 67}","{'random': 1, 'probability': 2, 'degree': 3, 'bridge': 0, 'betweenness': 3, 'spectral': 4}","{0: 0, 1: 0, 2: 0, 3: 0}","{0: 25, 1: 1431, 2: 12937, 3: 7220}","(1, 4)",300.0,20.0,6.0,0.1,0.4,0.1,3.0,
typical,527,8,4,greedy_random,7.0,517.65,524.451,61.65,65.753,0.8809040857722399,0.8746250841356009,0.00627900163663897,4,{0: 4},topk,0.08,8.0,"(1, 0)","[1, 1, 1, 1, 1, 1, 1, 1]",,,,,,,,,,,,,,,,,,,,,
typical,527,8,4,greedy_probability,,517.65,524.451,35.762,32.1075,0.9309147107118709,0.938778837298432,-0.007864126586561104,4,{0: 4},topk,0.04,8.0,"(2, 4)","[6, 1, 1]",,,,,,,,,,,,,,,,,,,,,
typical,527,8,4,greedy_degree,,517.65,524.451,57.824,60.967,0.8882951801410219,0.8837508175215607,0.0045443626194612285,4,{0: 4},topk,0.07,8.0,"(2, 0)","[2, 1, 1, 1, 1, 1, 1]",,,,,,,,,,,,,,,,,,,,,
typical,527,8,4,greedy_bridge,,517.65,524.451,509.91,519.0395,0.014952187771660297,0.01031840915547888,0.0046337786161814165,4,{0: 4},topk,0.59,8.0,"(3, 4)","[7, 1]",,,,,,,,,,,,,,,,,,,,,
typical,527,8,4,greedy_betweenness,,517.65,524.451,57.824,60.967,0.8882951801410219,0.8837508175215607,0.0045443626194612285,4,{0: 4},topk,0.0,8.0,"(1, 0)","[1, 1, 1, 1, 1, 1, 1, 1]",,,,,,,,,,,,,,,,,,,,,
typical,527,8,4,greedy_spectral,,517.65,524.451,57.824,60.967,0.8882951801410219,0.8837508175215607,0.0045443626194612285,4,{0: 4},topk,0.0,8.0,"(1, 0)","[1, 1, 1, 1, 1, 1, 1, 1]",,,,,,,,,,,,,,,,,,,,,
typical,527,8,4,alns,7.0,517.65,524.451,30.594,31.799,0.940898290350623,0.9393670714709287,0.0015312188796943182,4,{0: 4},max_iter,17.14,,,,300.0,249.0,"{0: 1.9759796960105647, 1: 1.5235983448820845, 2: 0.9391268023978028, 3: 1.5126756364780285}","{'random': 1.9895934259772285, 'probability': 1.4707348898776478, 'degree': 1.632961637833001, 'bridge': 1.2851641601271004, 'betweenness': 1.6665814748886691, 'spectral': 1.3757468155200276}","{'random': 1.607305496572538, 'worst': 1.4830164988278214, 'related': 1.6545906242942487}","{'random': 0, 'probability': 1, 'degree': 0, 'bridge': 0, 'betweenness': 1, 'spectral': 1}",{0: 3},"{0: 3, 1: 0, 2: 0, 3: 0}","{0: 90, 1: 74, 2: 57, 3: 79}","{'random': 1, 'probability': 12, 'degree': 6, 'bridge': 4, 'betweenness': 11, 'spectral': 9}","{0: 0, 1: 0, 2: 0, 3: 0}","{0: 8, 1: 312, 2: 6341, 3: 12361}","(1, 1)",300.0,20.0,6.0,0.1,0.4,0.1,3.0,
typical,95,44,9,greedy_random,7.0,536.026,566.6755,506.374,540.3695,0.05531821217627486,0.04642162930989613,0.008896582866378733,9,{0: 9},topk,0.61,44.0,"(1, 0)","[1, 1, 1, 1, 1, 1, 1, 1, 1, 1, 1, 1, 1, 1, 1, 1, 1, 1, 1, 1, 1, 1, 1, 1, 1, 1, 1, 1, 1, 1, 1, 1, 1, 1, 1, 1, 1, 1, 1, 1, 1, 1, 1, 1]",,,,,,,,,,,,,,,,,,,,,
typical,95,44,9,greedy_probability,,536.026,566.6755,185.222,210.9095,0.6544533287564409,0.62781256645117,0.026640762305270904,9,{0: 9},topk,0.24,44.0,"(4, 4)","[31, 8, 4, 1]",,,,,,,,,,,,,,,,,,,,,
typical,95,44,9,greedy_degree,,536.026,566.6755,495.07,529.498,0.07640674146403337,0.06560633025426366,0.010800411209769711,9,{0: 9},topk,0.6,44.0,"(1, 0)","[4, 3, 3, 2, 2, 2, 2, 1, 1, 1, 1, 1, 1, 1, 1, 1, 1, 1, 1, 1, 1, 1, 1, 1, 1, 1, 1, 1, 1, 1, 1, 1, 1]",,,,,,,,,,,,,,,,,,,,,
typical,95,44,9,greedy_bridge,,536.026,566.6755,528.188,558.785,0.014622425031621589,0.013924194711082638,0.0006982303205389506,9,{0: 9},topk,0.63,44.0,"(1, 35)","[36, 8]",,,,,,,,,,,,,,,,,,,,,
typical,95,44,9,greedy_betweenness,,536.026,566.6755,497.584,530.141,0.07171667046001495,0.06447164205969746,0.007245028400317488,9,{0: 9},topk,0.6,44.0,"(1, 0)","[7, 1, 1, 1, 1, 1, 1, 1, 1, 1, 1, 1, 1, 1, 1, 1, 1, 1, 1, 1, 1, 1, 1, 1, 1, 1, 1, 1, 1, 1, 1, 1, 1, 1, 1, 1, 1, 1]",,,,,,,,,,,,,,,,,,,,,
typical,95,44,9,greedy_spectral,,536.026,566.6755,495.07,529.498,0.07640674146403337,0.06560633025426366,0.010800411209769711,9,{0: 9},topk,0.0,44.0,"(1, 0)","[4, 3, 1, 1, 1, 1, 1, 1, 1, 1, 1, 1, 1, 1, 1, 1, 1, 1, 1, 1, 1, 1, 1, 1, 1, 1, 1, 1, 1, 1, 1, 1, 1, 1, 1, 1, 1, 1, 1]",,,,,,,,,,,,,,,,,,,,,
typical,95,44,9,alns,7.0,536.026,566.6755,185.222,210.9095,0.6544533287564409,0.62781256645117,0.026640762305270904,9,{0: 9},max_iter,28.34,,,,300.0,284.0,"{0: 3.390170453670671, 1: 0.6850842600429004, 2: 1.2849988238212708, 3: 1.2746746212472624}","{'random': 1.2700805890887008, 'probability': 3.238186081713631, 'degree': 2.7518669964498783, 'bridge': 1.0128721264416005, 'betweenness': 2.5116303960077806, 'spectral': 1.6717753707723002}","{'random': 1.258762461095022, 'worst': 2.3516602701039235, 'related': 2.049744704159704}","{'random': 0, 'probability': 6, 'degree': 2, 'bridge': 0, 'betweenness': 4, 'spectral': 0}","{0: 11, 3: 1}","{0: 11, 1: 0, 2: 0, 3: 1}","{0: 123, 1: 27, 2: 74, 3: 76}","{'random': 1, 'probability': 2, 'degree': 2, 'bridge': 0, 'betweenness': 6, 'spectral': 1}","{0: 0, 1: 0, 2: 0, 3: 0}","{0: 44, 1: 2124, 2: 12909, 3: 6467}","(1, 3)",300.0,20.0,6.0,0.1,0.4,0.1,3.0,
typical,95,44,15,greedy_random,7.0,536.026,566.6755,498.49,535.9795,0.07002645394066698,0.05416856737233222,0.015857886568334756,15,{0: 15},topk,0.6,44.0,"(1, 0)","[1, 1, 1, 1, 1, 1, 1, 1, 1, 1, 1, 1, 1, 1, 1, 1, 1, 1, 1, 1, 1, 1, 1, 1, 1, 1, 1, 1, 1, 1, 1, 1, 1, 1, 1, 1, 1, 1, 1, 1, 1, 1, 1, 1]",,,,,,,,,,,,,,,,,,,,,
typical,95,44,15,greedy_probability,,536.026,566.6755,142.794,152.993,0.7336062056691279,0.7300165615065413,0.0035896441625866693,15,{0: 15},topk,0.17,44.0,"(2, 29)","[31, 8, 4, 1]",,,,,,,,,,,,,,,,,,,,,
typical,95,44,15,greedy_degree,,536.026,566.6755,156.548,168.7075,0.7079470025707708,0.7022855231962561,0.005661479374514666,15,{0: 15},topk,0.19,44.0,"(1, 0)","[4, 3, 3, 2, 2, 2, 2, 1, 1, 1, 1, 1, 1, 1, 1, 1, 1, 1, 1, 1, 1, 1, 1, 1, 1, 1, 1, 1, 1, 1, 1, 1, 1]",,,,,,,,,,,,,,,,,,,,,
typical,95,44,15,greedy_bridge,,536.026,566.6755,496.154,531.9245,0.07438445150048689,0.06132433817943439,0.013060113321052502,15,{0: 15},topk,0.59,44.0,"(7, 29)","[36, 8]",,,,,,,,,,,,,,,,,,,,,
typical,95,44,15,greedy_betweenness,,536.026,566.6755,190.064,199.831,0.64542018484178,0.6473625558189828,-0.0019423709772028452,15,{0: 15},topk,0.22,44.0,"(1, 0)","[7, 1, 1, 1, 1, 1, 1, 1, 1, 1, 1, 1, 1, 1, 1, 1, 1, 1, 1, 1, 1, 1, 1, 1, 1, 1, 1, 1, 1, 1, 1, 1, 1, 1, 1, 1, 1, 1]",,,,,,,,,,,,,,,,,,,,,
typical,95,44,15,greedy_spectral,,536.026,566.6755,192.604,200.197,0.6406816087279348,0.6467166835340508,-0.006035074806115981,15,{0: 15},topk,0.23,44.0,"(1, 0)","[4, 3, 1, 1, 1, 1, 1, 1, 1, 1, 1, 1, 1, 1, 1, 1, 1, 1, 1, 1, 1, 1, 1, 1, 1, 1, 1, 1, 1, 1, 1, 1, 1, 1, 1, 1, 1, 1, 1]",,,,,,,,,,,,,,,,,,,,,
typical,95,44,15,alns,7.0,536.026,566.6755,123.868,145.3575,0.7689141944607165,0.7434907632322203,0.02542343122849622,15,{0: 15},max_iter,24.23,,,,300.0,291.0,"{0: 2.710833328288846, 1: 0.6481757862238953, 2: 0.5755286332290601, 3: 0.9706004831765657}","{'random': 1.6369484211472507, 'probability': 1.8287951730951606, 'degree': 1.4992921100982155, 'bridge': 1.0725261647865978, 'betweenness': 2.2308800441644627, 'spectral': 1.1383742265639434}","{'random': 1.7120646202923118, 'worst': 1.6331916231140122, 'related': 1.4190146552267413}","{'random': 3, 'probability': 4, 'degree': 1, 'bridge': 0, 'betweenness': 5, 'spectral': 1}",{0: 14},"{0: 14, 1: 0, 2: 0, 3: 0}","{0: 146, 1: 49, 2: 45, 3: 60}","{'random': 0, 'probability': 1, 'degree': 1, 'bridge': 0, 'betweenness': 4, 'spectral': 0}","{0: 0, 1: 0, 2: 0, 3: 0}","{0: 44, 1: 2124, 2: 12909, 3: 6467}","(1, 6)",300.0,20.0,6.0,0.1,0.4,0.1,3.0,
typical,95,44,22,greedy_random,7.0,536.026,566.6755,468.606,507.919,0.1257774809430885,0.10368632488964158,0.022091156053446914,22,{0: 22},topk,0.57,44.0,"(1, 0)","[1, 1, 1, 1, 1, 1, 1, 1, 1, 1, 1, 1, 1, 1, 1, 1, 1, 1, 1, 1, 1, 1, 1, 1, 1, 1, 1, 1, 1, 1, 1, 1, 1, 1, 1, 1, 1, 1, 1, 1, 1, 1, 1, 1]",,,,,,,,,,,,,,,,,,,,,
typical,95,44,22,greedy_probability,,536.026,566.6755,90.25,96.9835,0.8316313014667198,0.8288553149024442,0.0027759865642755788,22,{0: 22},topk,0.11,44.0,"(9, 22)","[31, 8, 4, 1]",,,,,,,,,,,,,,,,,,,,,
typical,95,44,22,greedy_degree,,536.026,566.6755,98.202,101.172,0.8167962001843194,0.8214639595323956,-0.0046677593480761725,22,{0: 22},topk,0.11,44.0,"(2, 0)","[4, 3, 3, 2, 2, 2, 2, 1, 1, 1, 1, 1, 1, 1, 1, 1, 1, 1, 1, 1, 1, 1, 1, 1, 1, 1, 1, 1, 1, 1, 1, 1, 1]",,,,,,,,,,,,,,,,,,,,,
typical,95,44,22,greedy_bridge,,536.026,566.6755,479.318,515.803,0.10579337569446257,0.08977360058799089,0.01601977510647168,22,{0: 22},topk,0.57,44.0,"(14, 22)","[36, 8]",,,,,,,,,,,,,,,,,,,,,
typical,95,44,22,greedy_betweenness,,536.026,566.6755,86.908,88.84,0.8378660736606061,0.8432259732421818,-0.005359899581575789,22,{0: 22},topk,0.1,44.0,"(1, 0)","[7, 1, 1, 1, 1, 1, 1, 1, 1, 1, 1, 1, 1, 1, 1, 1, 1, 1, 1, 1, 1, 1, 1, 1, 1, 1, 1, 1, 1, 1, 1, 1, 1, 1, 1, 1, 1, 1]",,,,,,,,,,,,,,,,,,,,,
typical,95,44,22,greedy_spectral,,536.026,566.6755,101.01,90.7005,0.8115576483230291,0.8399427891271107,-0.02838514080408161,22,{0: 22},topk,0.11,44.0,"(1, 0)","[4, 3, 1, 1, 1, 1, 1, 1, 1, 1, 1, 1, 1, 1, 1, 1, 1, 1, 1, 1, 1, 1, 1, 1, 1, 1, 1, 1, 1, 1, 1, 1, 1, 1, 1, 1, 1, 1, 1]",,,,,,,,,,,,,,,,,,,,,
typical,95,44,22,alns,7.0,536.026,566.6755,57.016,81.8075,0.893632025312205,0.8556360739082597,0.037995951403945294,22,{0: 22},max_iter,19.18,,,,300.0,293.0,"{0: 3.312539067374567, 1: 0.33891544377720023, 2: 0.4916366005410001, 3: 0.5388755556057482}","{'random': 1.1270275106278957, 'probability': 1.4166529038637292, 'degree': 2.510062006360006, 'bridge': 0.8341085644072204, 'betweenness': 3.0515448532033695, 'spectral': 2.2579607271205533}","{'random': 1.3422170702179068, 'worst': 3.1879687757881485, 'related': 1.0759655578225427}","{'random': 1, 'probability': 2, 'degree': 2, 'bridge': 2, 'betweenness': 5, 'spectral': 4}",{0: 16},"{0: 16, 1: 0, 2: 0, 3: 0}","{0: 163, 1: 35, 2: 44, 3: 58}","{'random': 0, 'probability': 0, 'degree': 3, 'bridge': 0, 'betweenness': 3, 'spectral': 1}","{0: 0, 1: 0, 2: 0, 3: 0}","{0: 44, 1: 2124, 2: 12909, 3: 6467}","(2, 8)",300.0,20.0,6.0,0.1,0.4,0.1,3.0,
typical,271,30,6,greedy_random,7.0,555.114,564.9795,503.826,515.6255,0.09239183302889142,0.08735538192093706,0.005036451107954365,6,{0: 6},topk,0.58,30.0,"(1, 0)","[1, 1, 1, 1, 1, 1, 1, 1, 1, 1, 1, 1, 1, 1, 1, 1, 1, 1, 1, 1, 1, 1, 1, 1, 1, 1, 1, 1, 1, 1]",,,,,,,,,,,,,,,,,,,,,
typical,271,30,6,greedy_probability,,555.114,564.9795,365.82,349.084,0.3410002269804041,0.38212979408987413,-0.04112956710947002,6,{0: 6},topk,0.39,30.0,"(4, 2)","[12, 10, 6, 2]",,,,,,,,,,,,,,,,,,,,,
typical,271,30,6,greedy_degree,,555.114,564.9795,400.024,409.8015,0.2793840544464741,0.27466129302036635,0.004722761426107724,6,{0: 6},topk,0.46,30.0,"(1, 0)","[2, 2, 2, 1, 1, 1, 1, 1, 1, 1, 1, 1, 1, 1, 1, 1, 1, 1, 1, 1, 1, 1, 1, 1, 1, 1, 1]",,,,,,,,,,,,,,,,,,,,,
typical,271,30,6,greedy_bridge,,555.114,564.9795,432.46,441.0725,0.2209528132960078,0.21931238213067916,0.0016404311653286374,6,{0: 6},topk,0.49,30.0,"(3, 24)","[27, 3]",,,,,,,,,,,,,,,,,,,,,
typical,271,30,6,greedy_betweenness,,555.114,564.9795,400.024,409.8015,0.2793840544464741,0.27466129302036635,0.004722761426107724,6,{0: 6},topk,0.0,30.0,"(1, 0)","[2, 1, 1, 1, 1, 1, 1, 1, 1, 1, 1, 1, 1, 1, 1, 1, 1, 1, 1, 1, 1, 1, 1, 1, 1, 1, 1, 1, 1]",,,,,,,,,,,,,,,,,,,,,
typical,271,30,6,greedy_spectral,,555.114,564.9795,405.344,407.9435,0.2698004373876357,0.277949907917013,-0.008149470529377312,6,{0: 6},topk,0.47,30.0,"(1, 0)","[1, 1, 1, 1, 1, 1, 1, 1, 1, 1, 1, 1, 1, 1, 1, 1, 1, 1, 1, 1, 1, 1, 1, 1, 1, 1, 1, 1, 1, 1]",,,,,,,,,,,,,,,,,,,,,
typical,271,30,6,alns,7.0,555.114,564.9795,346.386,361.538,0.3760092521536117,0.36008651641342737,0.015922735740184324,6,{0: 6},max_iter,33.59,,,,300.0,273.0,"{0: 2.4412066169180724, 1: 0.9573845740726611, 2: 1.1617142355592878, 3: 1.456988283259702}","{'random': 1.2622856888500205, 'probability': 1.2881041714552504, 'degree': 1.8075217203339262, 'bridge': 1.4409544297197177, 'betweenness': 1.5636070106361277, 'spectral': 1.8271730435077176}","{'random': 2.100552189847032, 'worst': 1.439377339301504, 'related': 1.2094731864043717}","{'random': 0, 'probability': 2, 'degree': 3, 'bridge': 0, 'betweenness': 1, 'spectral': 3}",{0: 9},"{0: 9, 1: 0, 2: 0, 3: 0}","{0: 124, 1: 48, 2: 40, 3: 88}","{'random': 3, 'probability': 0, 'degree': 4, 'bridge': 2, 'betweenness': 5, 'spectral': 5}","{0: 0, 1: 0, 2: 0, 3: 0}","{0: 30, 1: 1875, 2: 13578, 3: 6309}","(1, 2)",300.0,20.0,6.0,0.1,0.4,0.1,3.0,
typical,622,13,3,greedy_random,7.0,600.298,591.7845,596.47,589.2005,0.006376832839689595,0.004366454342754733,0.0020103784969348615,3,{0: 3},topk,0.67,13.0,"(1, 0)","[1, 1, 1, 1, 1, 1, 1, 1, 1, 1, 1, 1, 1]",,,,,,,,,,,,,,,,,,,,,
typical,622,13,3,greedy_probability,,600.298,591.7845,88.438,91.206,0.8526765040030119,0.8458797079004265,0.006796796102585323,3,{0: 3},topk,0.11,13.0,"(1, 0)","[10, 2, 1]",,,,,,,,,,,,,,,,,,,,,
typical,622,13,3,greedy_degree,,600.298,591.7845,595.026,586.376,0.008782304788621742,0.009139306622596544,-0.00035700183397480156,3,{0: 3},topk,0.65,13.0,"(1, 0)","[2, 2, 1, 1, 1, 1, 1, 1, 1, 1, 1]",,,,,,,,,,,,,,,,,,,,,
typical,622,13,3,greedy_bridge,,600.298,591.7845,475.802,447.1915,0.2073903294696967,0.2443338749156153,-0.0369435454459186,3,{0: 3},topk,0.51,13.0,"(3, 10)",[13],,,,,,,,,,,,,,,,,,,,,
typical,622,13,3,greedy_betweenness,,600.298,591.7845,475.802,447.1915,0.2073903294696967,0.2443338749156153,-0.0369435454459186,3,{0: 3},topk,0.0,13.0,"(1, 0)","[1, 1, 1, 1, 1, 1, 1, 1, 1, 1, 1, 1, 1]",,,,,,,,,,,,,,,,,,,,,
typical,622,13,3,greedy_spectral,,600.298,591.7845,595.026,586.376,0.008782304788621742,0.009139306622596544,-0.00035700183397480156,3,{0: 3},topk,0.0,13.0,"(1, 0)","[1, 1, 1, 1, 1, 1, 1, 1, 1, 1, 1, 1, 1]",,,,,,,,,,,,,,,,,,,,,
typical,622,13,3,alns,7.0,600.298,591.7845,88.438,91.206,0.8526765040030119,0.8458797079004265,0.006796796102585323,3,{0: 3},max_iter,30.04,,,,300.0,250.0,"{0: 2.090415726493188, 1: 1.0701290005109103, 2: 1.4265881667942715, 3: 0.8588578461789601}","{'random': 1.8516251393270176, 'probability': 1.6392961893105904, 'degree': 1.1903112843598802, 'bridge': 1.4072560943996748, 'betweenness': 0.8242306333393502, 'spectral': 1.60164104859248}","{'random': 1.3379062146012588, 'worst': 1.35041464527368, 'related': 1.1098227939636258}","{'random': 2, 'probability': 2, 'degree': 0, 'bridge': 2, 'betweenness': 0, 'spectral': 3}","{2: 3, 0: 6}","{0: 6, 1: 0, 2: 3, 3: 0}","{0: 102, 1: 61, 2: 92, 3: 45}","{'random': 2, 'probability': 10, 'degree': 8, 'bridge': 5, 'betweenness': 1, 'spectral': 11}","{0: 0, 1: 0, 2: 0, 3: 0}","{0: 13, 1: 1573, 2: 12756, 3: 7322}","(1, 1)",300.0,20.0,6.0,0.1,0.4,0.1,3.0,
typical,622,13,6,greedy_random,7.0,600.298,591.7845,486.166,495.567,0.19012557096642002,0.16258874641022192,0.027536824556198103,6,{0: 6},topk,0.55,13.0,"(1, 0)","[1, 1, 1, 1, 1, 1, 1, 1, 1, 1, 1, 1, 1]",,,,,,,,,,,,,,,,,,,,,
typical,622,13,6,greedy_probability,,600.298,591.7845,61.546,66.7085,0.8974742544536214,0.8872756890388308,0.010198565414790584,6,{0: 6},topk,0.08,13.0,"(3, 7)","[10, 2, 1]",,,,,,,,,,,,,,,,,,,,,
typical,622,13,6,greedy_degree,,600.298,591.7845,454.04,431.1285,0.24364232431225818,0.27147720158267075,-0.02783487727041256,6,{0: 6},topk,0.48,13.0,"(1, 0)","[2, 2, 1, 1, 1, 1, 1, 1, 1, 1, 1]",,,,,,,,,,,,,,,,,,,,,
typical,622,13,6,greedy_bridge,,600.298,591.7845,466.834,435.9695,0.2223295763104325,0.2632968589072543,-0.04096728259682181,6,{0: 6},topk,0.49,13.0,"(6, 7)",[13],,,,,,,,,,,,,,,,,,,,,
typical,622,13,6,greedy_betweenness,,600.298,591.7845,454.04,431.1285,0.24364232431225818,0.27147720158267075,-0.02783487727041256,6,{0: 6},topk,0.0,13.0,"(1, 0)","[1, 1, 1, 1, 1, 1, 1, 1, 1, 1, 1, 1, 1]",,,,,,,,,,,,,,,,,,,,,
typical,622,13,6,greedy_spectral,,600.298,591.7845,454.04,431.1285,0.24364232431225818,0.27147720158267075,-0.02783487727041256,6,{0: 6},topk,0.0,13.0,"(1, 0)","[1, 1, 1, 1, 1, 1, 1, 1, 1, 1, 1, 1, 1]",,,,,,,,,,,,,,,,,,,,,
typical,622,13,6,alns,7.0,600.298,591.7845,53.306,62.5645,0.9112007702840923,0.8942782381086358,0.016922532175456473,6,{0: 6},max_iter,27.02,,,,300.0,265.0,"{0: 3.1056193991461063, 1: 1.2240256633143123, 2: 1.5771338065755005, 3: 0.9602085096898747}","{'random': 2.015365467592079, 'probability': 2.5244796144874324, 'degree': 1.7637304050547207, 'bridge': 1.330538995387538, 'betweenness': 2.4128451821583727, 'spectral': 1.917640836431551}","{'random': 1.9630861131716166, 'worst': 2.72609264890159, 'related': 2.119556738600104}","{'random': 2, 'probability': 2, 'degree': 1, 'bridge': 2, 'betweenness': 2, 'spectral': 1}",{0: 10},"{0: 10, 1: 0, 2: 0, 3: 0}","{0: 117, 1: 60, 2: 75, 3: 48}","{'random': 1, 'probability': 9, 'degree': 1, 'bridge': 7, 'betweenness': 3, 'spectral': 5}","{0: 0, 1: 0, 2: 0, 3: 0}","{0: 13, 1: 1573, 2: 12756, 3: 7322}","(1, 2)",300.0,20.0,6.0,0.1,0.4,0.1,3.0,
typical,1240,7,4,greedy_random,7.0,603.992,614.5905,33.748,43.672,0.9441250877495067,0.928941303192939,0.015183784556567659,4,{0: 4},topk,0.05,7.0,"(1, 0)","[1, 1, 1, 1, 1, 1, 1]",,,,,,,,,,,,,,,,,,,,,
typical,1240,7,4,greedy_probability,,603.992,614.5905,5.09,4.273,0.9915727360627293,0.9930474031082485,-0.001474667045519129,4,{0: 4},topk,0.01,7.0,"(1, 3)","[4, 2, 1]",,,,,,,,,,,,,,,,,,,,,
typical,1240,7,4,greedy_degree,,603.992,614.5905,5.122,3.701,0.9915197552285461,0.993978104119735,-0.0024583488911888995,4,{0: 4},topk,0.01,7.0,"(1, 0)","[1, 1, 1, 1, 1, 1, 1]",,,,,,,,,,,,,,,,,,,,,
typical,1240,7,4,greedy_bridge,,603.992,614.5905,601.168,612.4505,0.00467555861667035,0.0034819932947222076,0.0011935653219481424,4,{0: 4},topk,0.68,7.0,"(4, 1)","[5, 2]",,,,,,,,,,,,,,,,,,,,,
typical,1240,7,4,greedy_betweenness,,603.992,614.5905,5.122,3.701,0.9915197552285461,0.993978104119735,-0.0024583488911888995,4,{0: 4},topk,0.0,7.0,"(1, 0)","[1, 1, 1, 1, 1, 1, 1]",,,,,,,,,,,,,,,,,,,,,
typical,1240,7,4,greedy_spectral,,603.992,614.5905,5.122,3.701,0.9915197552285461,0.993978104119735,-0.0024583488911888995,4,{0: 4},topk,0.0,7.0,"(1, 0)","[1, 1, 1, 1, 1, 1, 1]",,,,,,,,,,,,,,,,,,,,,
typical,1240,7,4,alns,7.0,603.992,614.5905,1.098,4.9355,0.9981820951270878,0.991969449576588,0.006212645550499829,4,{0: 4},max_iter,14.83,,,,300.0,232.0,"{0: 1.2869579968844673, 1: 0.45223593680970026, 2: 0.5727882965077533, 3: 0.7437562281035189}","{'random': 0.3549159099729002, 'probability': 1.3726817536445195, 'degree': 0.7159847245352958, 'bridge': 0.4554089106146103, 'betweenness': 0.8649842602946493, 'spectral': 0.5870141010459543}","{'random': 0.2653707924775477, 'worst': 0.9882258561311879, 'related': 0.6563885139937113}","{'random': 0, 'probability': 1, 'degree': 0, 'bridge': 0, 'betweenness': 0, 'spectral': 1}",{0: 2},"{0: 2, 1: 0, 2: 0, 3: 0}","{0: 81, 1: 60, 2: 89, 3: 70}","{'random': 8, 'probability': 6, 'degree': 15, 'bridge': 6, 'betweenness': 14, 'spectral': 10}","{0: 0, 1: 0, 2: 0, 3: 0}","{0: 7, 1: 122, 2: 2982, 3: 14095}","(1, 1)",300.0,20.0,6.0,0.1,0.4,0.1,3.0,
typical,256,11,3,greedy_random,7.0,625.82,626.035,621.564,620.8365,0.0068006775111055795,0.008303848826343496,-0.0015031713152379167,3,{0: 3},topk,0.7,11.0,"(1, 0)","[1, 1, 1, 1, 1, 1, 1, 1, 1, 1, 1]",,,,,,,,,,,,,,,,,,,,,
typical,256,11,3,greedy_probability,,625.82,626.035,59.732,69.102,0.9045540251190438,0.8896195899590278,0.014934435160016024,3,{0: 3},topk,0.08,11.0,"(1, 0)","[6, 2, 1, 1, 1]",,,,,,,,,,,,,,,,,,,,,
typical,256,11,3,greedy_degree,,625.82,626.035,623.33,625.379,0.003978779840848823,0.0010478647359971616,0.0029309151048516613,3,{0: 3},topk,0.73,11.0,"(1, 0)","[2, 1, 1, 1, 1, 1, 1, 1, 1, 1]",,,,,,,,,,,,,,,,,,,,,
typical,256,11,3,greedy_bridge,,625.82,626.035,621.546,621.783,0.006829439775015156,0.0067919525266157965,3.748724839935935e-05,3,{0: 3},topk,0.71,11.0,"(1, 8)","[9, 2]",,,,,,,,,,,,,,,,,,,,,
typical,256,11,3,greedy_betweenness,,625.82,626.035,209.202,204.444,0.6657153814195775,0.6734303992588273,-0.0077150178392497715,3,{0: 3},topk,0.23,11.0,"(1, 0)","[1, 1, 1, 1, 1, 1, 1, 1, 1, 1, 1]",,,,,,,,,,,,,,,,,,,,,
typical,256,11,3,greedy_spectral,,625.82,626.035,209.202,204.444,0.6657153814195775,0.6734303992588273,-0.0077150178392497715,3,{0: 3},topk,0.0,11.0,"(1, 0)","[1, 1, 1, 1, 1, 1, 1, 1, 1, 1, 1]",,,,,,,,,,,,,,,,,,,,,
typical,256,11,3,alns,7.0,625.82,626.035,59.732,69.102,0.9045540251190438,0.8896195899590278,0.014934435160016024,3,{0: 3},max_iter,15.08,,,,300.0,197.0,"{0: 0.9795221184234045, 1: 0.5513212838466776, 2: 0.4638199062859224, 3: 0.41644235154123466}","{'random': 0.6809376124556913, 'probability': 0.31381059609000017, 'degree': 0.8931128017370425, 'bridge': 0.9240153001870053, 'betweenness': 0.38742048900000015, 'spectral': 0.39398920339099514}","{'random': 0.4408669026861967, 'worst': 0.8622103032870799, 'related': 0.7391584440474174}","{'random': 2, 'probability': 0, 'degree': 2, 'bridge': 2, 'betweenness': 0, 'spectral': 0}",{0: 6},"{0: 6, 1: 0, 2: 0, 3: 0}","{0: 127, 1: 61, 2: 49, 3: 63}","{'random': 1, 'probability': 8, 'degree': 2, 'bridge': 2, 'betweenness': 0, 'spectral': 1}","{0: 0, 1: 0, 2: 0, 3: 0}","{0: 11, 1: 448, 2: 9077, 3: 11279}","(1, 1)",300.0,20.0,6.0,0.1,0.4,0.1,3.0,
typical,256,11,4,greedy_random,7.0,625.82,626.035,620.324,620.18,0.008782077913777275,0.009352512239730992,-0.000570434325953717,4,{0: 4},topk,0.7,11.0,"(1, 0)","[1, 1, 1, 1, 1, 1, 1, 1, 1, 1, 1]",,,,,,,,,,,,,,,,,,,,,
typical,256,11,4,greedy_probability,,625.82,626.035,44.258,51.4615,0.929279984660126,0.9177977269641474,0.011482257695978548,4,{0: 4},topk,0.06,11.0,"(1, 1)","[6, 2, 1, 1, 1]",,,,,,,,,,,,,,,,,,,,,
typical,256,11,4,greedy_degree,,625.82,626.035,205.374,196.0835,0.6718321562110512,0.6867850839010599,-0.014952927690008666,4,{0: 4},topk,0.23,11.0,"(1, 0)","[2, 1, 1, 1, 1, 1, 1, 1, 1, 1]",,,,,,,,,,,,,,,,,,,,,
typical,256,11,4,greedy_bridge,,625.82,626.035,620.306,621.1265,0.008810840177686852,0.007840615940003404,0.000970224237683448,4,{0: 4},topk,0.69,11.0,"(2, 7)","[9, 2]",,,,,,,,,,,,,,,,,,,,,
typical,256,11,4,greedy_betweenness,,625.82,626.035,161.478,156.391,0.7419737304656291,0.750188088525402,-0.008214358059772886,4,{0: 4},topk,0.18,11.0,"(1, 0)","[1, 1, 1, 1, 1, 1, 1, 1, 1, 1, 1]",,,,,,,,,,,,,,,,,,,,,
typical,256,11,4,greedy_spectral,,625.82,626.035,161.478,156.391,0.7419737304656291,0.750188088525402,-0.008214358059772886,4,{0: 4},topk,0.0,11.0,"(1, 0)","[1, 1, 1, 1, 1, 1, 1, 1, 1, 1, 1]",,,,,,,,,,,,,,,,,,,,,
typical,256,11,4,alns,7.0,625.82,626.035,44.258,51.4615,0.929279984660126,0.9177977269641474,0.011482257695978548,4,{0: 4},max_iter,14.64,,,,300.0,193.0,"{0: 1.32549887117735, 1: 0.41642217800291476, 2: 0.7373078747359246, 3: 0.5650473593196542}","{'random': 0.7432662081465002, 'probability': 1.379982096305775, 'degree': 0.8518359574326378, 'bridge': 0.7329553217681565, 'betweenness': 0.8988930185778005, 'spectral': 0.5820872746873412}","{'random': 0.5630915902510935, 'worst': 1.0531007907765695, 'related': 0.8402723275320882}","{'random': 1, 'probability': 3, 'degree': 1, 'bridge': 0, 'betweenness': 0, 'spectral': 1}",{0: 6},"{0: 6, 1: 0, 2: 0, 3: 0}","{0: 138, 1: 38, 2: 72, 3: 52}","{'random': 0, 'probability': 22, 'degree': 5, 'bridge': 2, 'betweenness': 1, 'spectral': 5}","{0: 0, 1: 0, 2: 0, 3: 0}","{0: 11, 1: 448, 2: 9077, 3: 11279}","(1, 1)",300.0,20.0,6.0,0.1,0.4,0.1,3.0,
typical,256,11,6,greedy_random,7.0,625.82,626.035,620.272,619.5165,0.008865168898405273,0.01041235713658184,-0.0015471882381765667,6,{0: 6},topk,0.69,11.0,"(1, 0)","[1, 1, 1, 1, 1, 1, 1, 1, 1, 1, 1]",,,,,,,,,,,,,,,,,,,,,
typical,256,11,6,greedy_probability,,625.82,626.035,30.168,35.265,0.9517944456872584,0.9436692836662487,0.008125162021009658,6,{0: 6},topk,0.04,11.0,"(1, 5)","[6, 2, 1, 1, 1]",,,,,,,,,,,,,,,,,,,,,
typical,256,11,6,greedy_degree,,625.82,626.035,149.952,140.341,0.7603911667891726,0.7758256327521624,-0.015434465962989807,6,{0: 6},topk,0.16,11.0,"(1, 0)","[2, 1, 1, 1, 1, 1, 1, 1, 1, 1]",,,,,,,,,,,,,,,,,,,,,
typical,256,11,6,greedy_bridge,,625.82,626.035,86.004,93.452,0.8625739030392126,0.8507240010542542,0.011849901984958389,6,{0: 6},topk,0.1,11.0,"(4, 5)","[9, 2]",,,,,,,,,,,,,,,,,,,,,
typical,256,11,6,greedy_betweenness,,625.82,626.035,149.952,140.341,0.7603911667891726,0.7758256327521624,-0.015434465962989807,6,{0: 6},topk,0.0,11.0,"(1, 0)","[1, 1, 1, 1, 1, 1, 1, 1, 1, 1, 1]",,,,,,,,,,,,,,,,,,,,,
typical,256,11,6,greedy_spectral,,625.82,626.035,149.952,140.341,0.7603911667891726,0.7758256327521624,-0.015434465962989807,6,{0: 6},topk,0.0,11.0,"(1, 0)","[1, 1, 1, 1, 1, 1, 1, 1, 1, 1, 1]",,,,,,,,,,,,,,,,,,,,,
typical,256,11,6,alns,7.0,625.82,626.035,18.95,26.4695,0.969719727717235,0.9577188176379915,0.012000910079243532,6,{0: 6},max_iter,8.92,,,,300.0,199.0,"{0: 0.8853344355482318, 1: 0.2802407075732724, 2: 0.30597709908510345, 3: 0.2058911320946491}","{'random': 0.6481757862238954, 'probability': 0.5083731656658003, 'degree': 0.39398920339099514, 'bridge': 0.3965310692193241, 'betweenness': 0.6304533328097125, 'spectral': 0.8648698480889424}","{'random': 0.6295501084803823, 'worst': 0.5111974610306101, 'related': 0.30865513629709307}","{'random': 2, 'probability': 0, 'degree': 0, 'bridge': 1, 'betweenness': 1, 'spectral': 1}",{0: 5},"{0: 5, 1: 0, 2: 0, 3: 0}","{0: 150, 1: 51, 2: 71, 3: 28}","{'random': 5, 'probability': 5, 'degree': 8, 'bridge': 2, 'betweenness': 10, 'spectral': 15}","{0: 0, 1: 0, 2: 0, 3: 0}","{0: 11, 1: 448, 2: 9077, 3: 11279}","(1, 2)",300.0,20.0,6.0,0.1,0.4,0.1,3.0,
typical,142,24,5,greedy_random,7.0,626.108,624.6125,278.93,301.741,0.5545017792457531,0.5169148872300826,0.03758689201567045,5,{0: 5},topk,0.33,24.0,"(1, 0)","[1, 1, 1, 1, 1, 1, 1, 1, 1, 1, 1, 1, 1, 1, 1, 1, 1, 1, 1, 1, 1, 1, 1, 1]",,,,,,,,,,,,,,,,,,,,,
typical,142,24,5,greedy_probability,,626.108,624.6125,79.624,95.1185,0.8728270522018565,0.8477159839100242,0.025111068291832295,5,{0: 5},topk,0.1,24.0,"(1, 4)","[15, 5, 2, 1, 1]",,,,,,,,,,,,,,,,,,,,,
typical,142,24,5,greedy_degree,,626.108,624.6125,615.802,618.845,0.01646041896925121,0.009233724909443741,0.00722669405980747,5,{0: 5},topk,0.68,24.0,"(1, 0)","[4, 3, 2, 2, 1, 1, 1, 1, 1, 1, 1, 1, 1, 1, 1, 1, 1]",,,,,,,,,,,,,,,,,,,,,
typical,142,24,5,greedy_bridge,,626.108,624.6125,624.682,623.8415,0.0022775623374879927,0.001234365306489904,0.0010431970309980887,5,{0: 5},topk,0.68,24.0,"(5, 5)","[14, 10]",,,,,,,,,,,,,,,,,,,,,
typical,142,24,5,greedy_betweenness,,626.108,624.6125,624.862,622.666,0.0019900720003577232,0.0031163321259178867,-0.0011262601255601634,5,{0: 5},topk,0.69,24.0,"(1, 0)","[3, 1, 1, 1, 1, 1, 1, 1, 1, 1, 1, 1, 1, 1, 1, 1, 1, 1, 1, 1, 1, 1]",,,,,,,,,,,,,,,,,,,,,
typical,142,24,5,greedy_spectral,,626.108,624.6125,615.802,618.845,0.01646041896925121,0.009233724909443741,0.00722669405980747,5,{0: 5},topk,0.0,24.0,"(1, 0)","[2, 1, 1, 1, 1, 1, 1, 1, 1, 1, 1, 1, 1, 1, 1, 1, 1, 1, 1, 1, 1, 1, 1]",,,,,,,,,,,,,,,,,,,,,
typical,142,24,5,alns,7.0,626.108,624.6125,74.684,87.586,0.8807170647875446,0.8597754607856871,0.020941604001857517,5,{0: 5},max_iter,32.08,,,,300.0,284.0,"{0: 2.8928185673766955, 1: 2.5651362422446486, 2: 1.8026026792476968, 3: 2.006792132549923}","{'random': 2.253600575455989, 'probability': 3.6766446928609873, 'degree': 1.4417156141254803, 'bridge': 2.636392841498005, 'betweenness': 2.3446814247537398, 'spectral': 1.1656953039341706}","{'random': 1.3193708249511351, 'worst': 3.321421810768498, 'related': 2.0919166623904095}","{'random': 2, 'probability': 9, 'degree': 1, 'bridge': 2, 'betweenness': 2, 'spectral': 0}","{1: 2, 0: 11, 3: 2, 2: 1}","{0: 11, 1: 2, 2: 1, 3: 2}","{0: 87, 1: 72, 2: 66, 3: 75}","{'random': 2, 'probability': 8, 'degree': 1, 'bridge': 1, 'betweenness': 2, 'spectral': 1}","{0: 0, 1: 0, 2: 0, 3: 0}","{0: 24, 1: 624, 2: 9571, 3: 10394}","(1, 2)",300.0,20.0,6.0,0.1,0.4,0.1,3.0,
typical,142,24,8,greedy_random,7.0,626.108,624.6125,275.088,295.5895,0.5606381007749461,0.5267633933038484,0.033874707471097776,8,{0: 8},topk,0.34,24.0,"(1, 0)","[1, 1, 1, 1, 1, 1, 1, 1, 1, 1, 1, 1, 1, 1, 1, 1, 1, 1, 1, 1, 1, 1, 1, 1]",,,,,,,,,,,,,,,,,,,,,
typical,142,24,8,greedy_probability,,626.108,624.6125,64.182,73.923,0.8974905287905601,0.8816498228901919,0.015840705900368235,8,{0: 8},topk,0.09,24.0,"(4, 1)","[15, 5, 2, 1, 1]",,,,,,,,,,,,,,,,,,,,,
typical,142,24,8,greedy_degree,,626.108,624.6125,201.752,224.923,0.6777680527960033,0.6398999379615361,0.03786811483446717,8,{0: 8},topk,0.25,24.0,"(1, 0)","[4, 3, 2, 2, 1, 1, 1, 1, 1, 1, 1, 1, 1, 1, 1, 1, 1]",,,,,,,,,,,,,,,,,,,,,
typical,142,24,8,greedy_bridge,,626.108,624.6125,624.608,623.7495,0.0023957528094195046,0.0013816566271087627,0.001014096182310742,8,{0: 8},topk,0.73,24.0,"(8, 2)","[14, 10]",,,,,,,,,,,,,,,,,,,,,
typical,142,24,8,greedy_betweenness,,626.108,624.6125,614.444,617.481,0.018629373846045683,0.011417478836878825,0.007211895009166858,8,{0: 8},topk,0.69,24.0,"(1, 0)","[3, 1, 1, 1, 1, 1, 1, 1, 1, 1, 1, 1, 1, 1, 1, 1, 1, 1, 1, 1, 1, 1]",,,,,,,,,,,,,,,,,,,,,
typical,142,24,8,greedy_spectral,,626.108,624.6125,613.136,617.199,0.020718470295859492,0.011868958754427728,0.008849511541431765,8,{0: 8},topk,0.68,24.0,"(1, 0)","[2, 1, 1, 1, 1, 1, 1, 1, 1, 1, 1, 1, 1, 1, 1, 1, 1, 1, 1, 1, 1, 1, 1]",,,,,,,,,,,,,,,,,,,,,
typical,142,24,8,alns,7.0,626.108,624.6125,40.962,58.105,0.9345767822803733,0.9069743240809301,0.02760245819944318,8,{0: 8},max_iter,17.92,,,,300.0,284.0,"{0: 2.2756088594714416, 1: 0.47109246685030803, 2: 0.5112916042094372, 3: 0.6961888074256654}","{'random': 1.8816002770350302, 'probability': 1.029596875241486, 'degree': 0.5617052764712956, 'bridge': 1.5987627080694544, 'betweenness': 1.0788414416077055, 'spectral': 2.744837789316175}","{'random': 0.5941187729414317, 'worst': 2.223084686513543, 'related': 0.7449079024686379}","{'random': 2, 'probability': 2, 'degree': 0, 'bridge': 1, 'betweenness': 1, 'spectral': 6}","{0: 11, 3: 1}","{0: 11, 1: 0, 2: 0, 3: 1}","{0: 133, 1: 49, 2: 52, 3: 66}","{'random': 2, 'probability': 3, 'degree': 1, 'bridge': 0, 'betweenness': 4, 'spectral': 1}","{0: 0, 1: 0, 2: 0, 3: 0}","{0: 24, 1: 624, 2: 9571, 3: 10394}","(1, 3)",300.0,20.0,6.0,0.1,0.4,0.1,3.0,
typical,142,24,12,greedy_random,7.0,626.108,624.6125,218.6,233.8995,0.6508589572406038,0.6255286277492045,0.02533032949139935,12,{0: 12},topk,0.25,24.0,"(1, 0)","[1, 1, 1, 1, 1, 1, 1, 1, 1, 1, 1, 1, 1, 1, 1, 1, 1, 1, 1, 1, 1, 1, 1, 1]",,,,,,,,,,,,,,,,,,,,,
typical,142,24,12,greedy_probability,,626.108,624.6125,35.93,42.8655,0.9426137343717058,0.9313726510436471,0.011241083328058732,12,{0: 12},topk,0.05,24.0,"(3, 12)","[15, 5, 2, 1, 1]",,,,,,,,,,,,,,,,,,,,,
typical,142,24,12,greedy_degree,,626.108,624.6125,183.678,205.3575,0.7066352769809681,0.6712241589785667,0.035411118002401376,12,{0: 12},topk,0.22,24.0,"(1, 0)","[4, 3, 2, 2, 1, 1, 1, 1, 1, 1, 1, 1, 1, 1, 1, 1, 1]",,,,,,,,,,,,,,,,,,,,,
typical,142,24,12,greedy_bridge,,626.108,624.6125,624.57,623.399,0.0024564452139246296,0.0019428045388140136,0.000513640675110616,12,{0: 12},topk,0.69,24.0,"(2, 12)","[14, 10]",,,,,,,,,,,,,,,,,,,,,
typical,142,24,12,greedy_betweenness,,626.108,624.6125,613.016,617.088,0.02091013052061308,0.01204666893473949,0.008863461585873589,12,{0: 12},topk,0.68,24.0,"(1, 0)","[3, 1, 1, 1, 1, 1, 1, 1, 1, 1, 1, 1, 1, 1, 1, 1, 1, 1, 1, 1, 1, 1]",,,,,,,,,,,,,,,,,,,,,
typical,142,24,12,greedy_spectral,,626.108,624.6125,183.678,205.3575,0.7066352769809681,0.6712241589785667,0.035411118002401376,12,{0: 12},topk,0.0,24.0,"(1, 0)","[2, 1, 1, 1, 1, 1, 1, 1, 1, 1, 1, 1, 1, 1, 1, 1, 1, 1, 1, 1, 1, 1, 1]",,,,,,,,,,,,,,,,,,,,,
typical,142,24,12,alns,7.0,626.108,624.6125,11.51,23.752,0.9816165901090547,0.9619732233985071,0.01964336671054756,12,{0: 12},max_iter,11.06,,,,300.0,251.0,"{0: 0.9964069216964525, 1: 0.3756312835197302, 2: 0.2653707924775477, 3: 0.22876792454961012}","{'random': 0.38703306851100006, 'probability': 0.37657271530800024, 'degree': 1.327112856129513, 'bridge': 0.33891544377720023, 'betweenness': 0.4388954996914742, 'spectral': 0.489944638410415}","{'random': 0.2058911320946491, 'worst': 0.866275960952192, 'related': 0.2810577358752352}","{'random': 0, 'probability': 0, 'degree': 3, 'bridge': 0, 'betweenness': 1, 'spectral': 1}",{0: 5},"{0: 5, 1: 0, 2: 0, 3: 0}","{0: 159, 1: 58, 2: 48, 3: 35}","{'random': 1, 'probability': 1, 'degree': 14, 'bridge': 0, 'betweenness': 8, 'spectral': 7}","{0: 0, 1: 0, 2: 0, 3: 0}","{0: 24, 1: 624, 2: 9571, 3: 10394}","(1, 4)",300.0,20.0,6.0,0.1,0.4,0.1,3.0,
typical,233,10,3,greedy_random,7.0,641.04,643.499,606.638,621.2295,0.05366591788343933,0.03460689138600059,0.019059026497438736,3,{0: 3},topk,0.67,10.0,"(1, 0)","[1, 1, 1, 1, 1, 1, 1, 1, 1, 1]",,,,,,,,,,,,,,,,,,,,,
typical,233,10,3,greedy_probability,,641.04,643.499,56.272,44.0945,0.9122176463247224,0.9314769719921865,-0.019259325667464133,3,{0: 3},topk,0.05,10.0,"(3, 1)","[6, 4]",,,,,,,,,,,,,,,,,,,,,
typical,233,10,3,greedy_degree,,641.04,643.499,605.352,620.954,0.05567203294646195,0.03503501947943988,0.02063701346702207,3,{0: 3},topk,0.67,10.0,"(1, 0)","[1, 1, 1, 1, 1, 1, 1, 1, 1, 1]",,,,,,,,,,,,,,,,,,,,,
typical,233,10,3,greedy_bridge,,641.04,643.499,640.988,643.468,8.111818295253315e-05,4.81741230368149e-05,3.294405991571825e-05,3,{0: 3},topk,0.69,10.0,"(1, 7)","[8, 2]",,,,,,,,,,,,,,,,,,,,,
typical,233,10,3,greedy_betweenness,,641.04,643.499,605.352,620.954,0.05567203294646195,0.03503501947943988,0.02063701346702207,3,{0: 3},topk,0.0,10.0,"(1, 0)","[1, 1, 1, 1, 1, 1, 1, 1, 1, 1]",,,,,,,,,,,,,,,,,,,,,
typical,233,10,3,greedy_spectral,,641.04,643.499,605.352,620.954,0.05567203294646195,0.03503501947943988,0.02063701346702207,3,{0: 3},topk,0.0,10.0,"(1, 0)","[1, 1, 1, 1, 1, 1, 1, 1, 1, 1]",,,,,,,,,,,,,,,,,,,,,
typical,233,10,3,alns,7.0,641.04,643.499,50.756,43.8245,0.9208224135779358,0.9318965530637965,-0.011074139485860668,3,{0: 3},max_iter,31.66,,,,300.0,254.0,"{0: 0.49566383652415513, 1: 0.9077771173762194, 2: 0.8785199100174627, 3: 0.624953883565707}","{'random': 0.9543962349002763, 'probability': 0.7678993274685402, 'degree': 0.40316816332662764, 'bridge': 0.5996232328329003, 'betweenness': 0.34867844010000015, 'spectral': 0.6924029556057482}","{'random': 0.4722973807090863, 'worst': 1.0047071695666818, 'related': 0.32055752390593506}","{'random': 2, 'probability': 0, 'degree': 0, 'bridge': 0, 'betweenness': 0, 'spectral': 0}","{1: 1, 0: 1}","{0: 1, 1: 1, 2: 0, 3: 0}","{0: 60, 1: 97, 2: 85, 3: 58}","{'random': 8, 'probability': 1, 'degree': 3, 'bridge': 1, 'betweenness': 2, 'spectral': 9}","{0: 0, 1: 0, 2: 0, 3: 0}","{0: 10, 1: 271, 2: 5713, 3: 13560}","(1, 1)",300.0,20.0,6.0,0.1,0.4,0.1,3.0,
typical,233,10,4,greedy_random,7.0,641.04,643.499,604.094,620.2405,0.057634468987894594,0.0361438013112686,0.021490667676625996,4,{0: 4},topk,0.67,10.0,"(1, 0)","[1, 1, 1, 1, 1, 1, 1, 1, 1, 1]",,,,,,,,,,,,,,,,,,,,,
typical,233,10,4,greedy_probability,,641.04,643.499,55.382,43.195,0.913606015225259,0.9328747985622355,-0.01926878333697657,4,{0: 4},topk,0.05,10.0,"(4, 0)","[6, 4]",,,,,,,,,,,,,,,,,,,,,
typical,233,10,4,greedy_degree,,641.04,643.499,36.77,32.577,0.942640084862099,0.9493752127042933,-0.006735127842194211,4,{0: 4},topk,0.04,10.0,"(1, 0)","[1, 1, 1, 1, 1, 1, 1, 1, 1, 1]",,,,,,,,,,,,,,,,,,,,,
typical,233,10,4,greedy_bridge,,641.04,643.499,640.988,643.468,8.111818295253315e-05,4.81741230368149e-05,3.294405991571825e-05,4,{0: 4},topk,0.71,10.0,"(2, 6)","[8, 2]",,,,,,,,,,,,,,,,,,,,,
typical,233,10,4,greedy_betweenness,,641.04,643.499,36.77,32.577,0.942640084862099,0.9493752127042933,-0.006735127842194211,4,{0: 4},topk,0.0,10.0,"(1, 0)","[1, 1, 1, 1, 1, 1, 1, 1, 1, 1]",,,,,,,,,,,,,,,,,,,,,
typical,233,10,4,greedy_spectral,,641.04,643.499,36.77,32.577,0.942640084862099,0.9493752127042933,-0.006735127842194211,4,{0: 4},topk,0.0,10.0,"(1, 0)","[1, 1, 1, 1, 1, 1, 1, 1, 1, 1]",,,,,,,,,,,,,,,,,,,,,
typical,233,10,4,alns,7.0,641.04,643.499,36.77,32.577,0.942640084862099,0.9493752127042933,-0.006735127842194211,4,{0: 4},max_iter,35.65,,,,300.0,256.0,"{0: 3.844753452925773, 1: 2.2744938642042998, 2: 2.1882924379672883, 3: 1.9220308638610508}","{'random': 2.0696688830601815, 'probability': 2.189756502025849, 'degree': 2.5023597806445625, 'bridge': 2.6252248237201377, 'betweenness': 3.218841724947704, 'spectral': 2.597377607567135}","{'random': 2.359889794217725, 'worst': 3.2634233281069758, 'related': 2.1183337248857863}","{'random': 1, 'probability': 0, 'degree': 1, 'bridge': 1, 'betweenness': 5, 'spectral': 3}","{0: 9, 2: 1, 1: 1}","{0: 9, 1: 1, 2: 1, 3: 0}","{0: 96, 1: 77, 2: 65, 3: 62}","{'random': 5, 'probability': 7, 'degree': 13, 'bridge': 2, 'betweenness': 15, 'spectral': 13}","{0: 0, 1: 0, 2: 0, 3: 0}","{0: 10, 1: 271, 2: 5713, 3: 13560}","(1, 1)",300.0,20.0,6.0,0.1,0.4,0.1,3.0,
typical,3,209,42,greedy_random,7.0,643.556,644.473,639.198,639.9375,0.006771749467023969,0.007037532992072548,-0.0002657835250485796,42,{0: 42},topk,0.71,209.0,"(1, 0)","[1, 1, 1, 1, 1, 1, 1, 1, 1, 1, 1, 1, 1, 1, 1, 1, 1, 1, 1, 1, 1, 1, 1, 1, 1, 1, 1, 1, 1, 1, 1, 1, 1, 1, 1, 1, 1, 1, 1, 1, 1, 1, 1, 1, 1, 1, 1, 1, 1, 1, 1, 1, 1, 1, 1, 1, 1, 1, 1, 1, 1, 1, 1, 1, 1, 1, 1, 1, 1, 1, 1, 1, 1, 1, 1, 1, 1, 1, 1, 1, 1, 1, 1, 1, 1, 1, 1, 1, 1, 1, 1, 1, 1, 1, 1, 1, 1, 1, 1, 1, 1, 1, 1, 1, 1, 1, 1, 1, 1, 1, 1, 1, 1, 1, 1, 1, 1, 1, 1, 1, 1, 1, 1, 1, 1, 1, 1, 1, 1, 1, 1, 1, 1, 1, 1, 1, 1, 1, 1, 1, 1, 1, 1, 1, 1, 1, 1, 1, 1, 1, 1, 1, 1, 1, 1, 1, 1, 1, 1, 1, 1, 1, 1, 1, 1, 1, 1, 1, 1, 1, 1, 1, 1, 1, 1, 1, 1, 1, 1, 1, 1, 1, 1, 1, 1, 1, 1, 1, 1, 1, 1, 1, 1, 1, 1, 1, 1, 1, 1, 1, 1, 1, 1, 1, 1, 1, 1, 1, 1]",,,,,,,,,,,,,,,,,,,,,
typical,3,209,42,greedy_probability,,643.556,644.473,615.398,610.0695,0.043753768125850745,0.05338237598782258,-0.009628607861971838,42,{0: 42},topk,0.69,209.0,"(21, 2)","[73, 56, 36, 23, 17, 3, 1]",,,,,,,,,,,,,,,,,,,,,
typical,3,209,42,greedy_degree,,643.556,644.473,641.994,642.702,0.0024271392077768184,0.002747981684259826,-0.00032084247648300757,42,{0: 42},topk,0.7,209.0,"(1, 0)","[18, 16, 16, 13, 11, 10, 9, 9, 8, 7, 6, 5, 5, 4, 4, 4, 4, 4, 4, 4, 3, 3, 3, 2, 2, 2, 1, 1, 1, 1, 1, 1, 1, 1, 1, 1, 1, 1, 1, 1, 1, 1, 1, 1, 1, 1, 1, 1, 1, 1, 1, 1, 1, 1, 1, 1, 1, 1, 1]",,,,,,,,,,,,,,,,,,,,,
typical,3,209,42,greedy_bridge,,643.556,644.473,641.504,642.483,0.003188533709576169,0.003087794213256445,0.0001007394963197239,42,{0: 42},topk,0.7,209.0,"(4, 167)","[171, 38]",,,,,,,,,,,,,,,,,,,,,
typical,3,209,42,greedy_betweenness,,643.556,644.473,641.948,642.9745,0.002498617058966257,0.002325155592243444,0.00017346146672281293,42,{0: 42},topk,0.7,209.0,"(1, 0)","[34, 7, 3, 3, 3, 2, 2, 1, 1, 1, 1, 1, 1, 1, 1, 1, 1, 1, 1, 1, 1, 1, 1, 1, 1, 1, 1, 1, 1, 1, 1, 1, 1, 1, 1, 1, 1, 1, 1, 1, 1, 1, 1, 1, 1, 1, 1, 1, 1, 1, 1, 1, 1, 1, 1, 1, 1, 1, 1, 1, 1, 1, 1, 1, 1, 1, 1, 1, 1, 1, 1, 1, 1, 1, 1, 1, 1, 1, 1, 1, 1, 1, 1, 1, 1, 1, 1, 1, 1, 1, 1, 1, 1, 1, 1, 1, 1, 1, 1, 1, 1, 1, 1, 1, 1, 1, 1, 1, 1, 1, 1, 1, 1, 1, 1, 1, 1, 1, 1, 1, 1, 1, 1, 1, 1, 1, 1, 1, 1, 1, 1, 1, 1, 1, 1, 1, 1, 1, 1, 1, 1, 1, 1, 1, 1, 1, 1, 1, 1, 1, 1, 1, 1, 1, 1, 1, 1, 1, 1, 1, 1, 1]",,,,,,,,,,,,,,,,,,,,,
typical,3,209,42,greedy_spectral,,643.556,644.473,642.096,643.0265,0.0022686448420962124,0.0022444695122990632,2.4175329797149203e-05,42,{0: 42},topk,0.7,209.0,"(1, 0)","[16, 7, 2, 2, 1, 1, 1, 1, 1, 1, 1, 1, 1, 1, 1, 1, 1, 1, 1, 1, 1, 1, 1, 1, 1, 1, 1, 1, 1, 1, 1, 1, 1, 1, 1, 1, 1, 1, 1, 1, 1, 1, 1, 1, 1, 1, 1, 1, 1, 1, 1, 1, 1, 1, 1, 1, 1, 1, 1, 1, 1, 1, 1, 1, 1, 1, 1, 1, 1, 1, 1, 1, 1, 1, 1, 1, 1, 1, 1, 1, 1, 1, 1, 1, 1, 1, 1, 1, 1, 1, 1, 1, 1, 1, 1, 1, 1, 1, 1, 1, 1, 1, 1, 1, 1, 1, 1, 1, 1, 1, 1, 1, 1, 1, 1, 1, 1, 1, 1, 1, 1, 1, 1, 1, 1, 1, 1, 1, 1, 1, 1, 1, 1, 1, 1, 1, 1, 1, 1, 1, 1, 1, 1, 1, 1, 1, 1, 1, 1, 1, 1, 1, 1, 1, 1, 1, 1, 1, 1, 1, 1, 1, 1, 1, 1, 1, 1, 1, 1, 1, 1, 1, 1, 1, 1, 1, 1, 1, 1, 1, 1, 1, 1, 1, 1, 1]",,,,,,,,,,,,,,,,,,,,,
typical,3,209,42,alns,7.0,643.556,644.473,618.2,619.748,0.0393998346686224,0.038364679358173115,0.0010351553104492872,42,"{1: 24, 2: 9, 3: 9}",max_iter,60.17,,,,300.0,301.0,"{0: 6.589083475964045, 1: 7.386509953181847, 2: 6.703610901237593, 3: 7.055139411871103}","{'random': 7.301916046570627, 'probability': 7.622817178676763, 'degree': 6.009250291466145, 'bridge': 6.865117838790214, 'betweenness': 6.438496335222108, 'spectral': 6.930291469565201}","{'random': 6.575495245701283, 'worst': 7.771831630763317, 'related': 6.47721002074034}","{'random': 1, 'probability': 4, 'degree': 0, 'bridge': 0, 'betweenness': 1, 'spectral': 0}","{3: 3, 1: 3}","{0: 0, 1: 3, 2: 0, 3: 3}","{0: 55, 1: 84, 2: 69, 3: 92}","{'random': 0, 'probability': 0, 'degree': 0, 'bridge': 1, 'betweenness': 0, 'spectral': 0}","{0: 0, 1: 0, 2: 0, 3: 0}","{0: 209, 1: 4651, 2: 13982, 3: 3379}","(4, 16)",300.0,20.0,6.0,0.1,0.4,0.1,3.0,
typical,3,209,73,greedy_random,7.0,643.556,644.473,636.178,638.1285,0.011464425784236454,0.009844477580907118,0.0016199482033293355,73,{0: 73},topk,0.72,209.0,"(1, 0)","[1, 1, 1, 1, 1, 1, 1, 1, 1, 1, 1, 1, 1, 1, 1, 1, 1, 1, 1, 1, 1, 1, 1, 1, 1, 1, 1, 1, 1, 1, 1, 1, 1, 1, 1, 1, 1, 1, 1, 1, 1, 1, 1, 1, 1, 1, 1, 1, 1, 1, 1, 1, 1, 1, 1, 1, 1, 1, 1, 1, 1, 1, 1, 1, 1, 1, 1, 1, 1, 1, 1, 1, 1, 1, 1, 1, 1, 1, 1, 1, 1, 1, 1, 1, 1, 1, 1, 1, 1, 1, 1, 1, 1, 1, 1, 1, 1, 1, 1, 1, 1, 1, 1, 1, 1, 1, 1, 1, 1, 1, 1, 1, 1, 1, 1, 1, 1, 1, 1, 1, 1, 1, 1, 1, 1, 1, 1, 1, 1, 1, 1, 1, 1, 1, 1, 1, 1, 1, 1, 1, 1, 1, 1, 1, 1, 1, 1, 1, 1, 1, 1, 1, 1, 1, 1, 1, 1, 1, 1, 1, 1, 1, 1, 1, 1, 1, 1, 1, 1, 1, 1, 1, 1, 1, 1, 1, 1, 1, 1, 1, 1, 1, 1, 1, 1, 1, 1, 1, 1, 1, 1, 1, 1, 1, 1, 1, 1, 1, 1, 1, 1, 1, 1, 1, 1, 1, 1, 1, 1]",,,,,,,,,,,,,,,,,,,,,
typical,3,209,73,greedy_probability,,643.556,644.473,509.77,477.58,0.2078855608525133,0.2589604219261319,-0.05107486107361858,73,{0: 73},topk,0.56,209.0,"(29, 7)","[73, 56, 36, 23, 17, 3, 1]",,,,,,,,,,,,,,,,,,,,,
typical,3,209,73,greedy_degree,,643.556,644.473,637.938,630.824,0.008729621043079505,0.021178544330018534,-0.012448923286939029,73,{0: 73},topk,0.72,209.0,"(3, 1)","[18, 16, 16, 13, 11, 10, 9, 9, 8, 7, 6, 5, 5, 4, 4, 4, 4, 4, 4, 4, 3, 3, 3, 2, 2, 2, 1, 1, 1, 1, 1, 1, 1, 1, 1, 1, 1, 1, 1, 1, 1, 1, 1, 1, 1, 1, 1, 1, 1, 1, 1, 1, 1, 1, 1, 1, 1, 1, 1]",,,,,,,,,,,,,,,,,,,,,
typical,3,209,73,greedy_bridge,,643.556,644.473,641.054,641.7005,0.0038877735581674955,0.004301964550880943,-0.00041419099271344795,73,{0: 73},topk,0.73,209.0,"(35, 136)","[171, 38]",,,,,,,,,,,,,,,,,,,,,
typical,3,209,73,greedy_betweenness,,643.556,644.473,638.446,640.3165,0.007940256947336355,0.00644945560170862,0.0014908013456277347,73,{0: 73},topk,0.72,209.0,"(1, 0)","[34, 7, 3, 3, 3, 2, 2, 1, 1, 1, 1, 1, 1, 1, 1, 1, 1, 1, 1, 1, 1, 1, 1, 1, 1, 1, 1, 1, 1, 1, 1, 1, 1, 1, 1, 1, 1, 1, 1, 1, 1, 1, 1, 1, 1, 1, 1, 1, 1, 1, 1, 1, 1, 1, 1, 1, 1, 1, 1, 1, 1, 1, 1, 1, 1, 1, 1, 1, 1, 1, 1, 1, 1, 1, 1, 1, 1, 1, 1, 1, 1, 1, 1, 1, 1, 1, 1, 1, 1, 1, 1, 1, 1, 1, 1, 1, 1, 1, 1, 1, 1, 1, 1, 1, 1, 1, 1, 1, 1, 1, 1, 1, 1, 1, 1, 1, 1, 1, 1, 1, 1, 1, 1, 1, 1, 1, 1, 1, 1, 1, 1, 1, 1, 1, 1, 1, 1, 1, 1, 1, 1, 1, 1, 1, 1, 1, 1, 1, 1, 1, 1, 1, 1, 1, 1, 1, 1, 1, 1, 1, 1, 1]",,,,,,,,,,,,,,,,,,,,,
typical,3,209,73,greedy_spectral,,643.556,644.473,634.868,633.8525,0.013499990676801965,0.01647935600094963,-0.0029793653241476648,73,{0: 73},topk,0.69,209.0,"(1, 0)","[16, 7, 2, 2, 1, 1, 1, 1, 1, 1, 1, 1, 1, 1, 1, 1, 1, 1, 1, 1, 1, 1, 1, 1, 1, 1, 1, 1, 1, 1, 1, 1, 1, 1, 1, 1, 1, 1, 1, 1, 1, 1, 1, 1, 1, 1, 1, 1, 1, 1, 1, 1, 1, 1, 1, 1, 1, 1, 1, 1, 1, 1, 1, 1, 1, 1, 1, 1, 1, 1, 1, 1, 1, 1, 1, 1, 1, 1, 1, 1, 1, 1, 1, 1, 1, 1, 1, 1, 1, 1, 1, 1, 1, 1, 1, 1, 1, 1, 1, 1, 1, 1, 1, 1, 1, 1, 1, 1, 1, 1, 1, 1, 1, 1, 1, 1, 1, 1, 1, 1, 1, 1, 1, 1, 1, 1, 1, 1, 1, 1, 1, 1, 1, 1, 1, 1, 1, 1, 1, 1, 1, 1, 1, 1, 1, 1, 1, 1, 1, 1, 1, 1, 1, 1, 1, 1, 1, 1, 1, 1, 1, 1, 1, 1, 1, 1, 1, 1, 1, 1, 1, 1, 1, 1, 1, 1, 1, 1, 1, 1, 1, 1, 1, 1, 1, 1]",,,,,,,,,,,,,,,,,,,,,
typical,3,209,73,alns,7.0,643.556,644.473,609.996,613.966,0.05214775404160643,0.04733635078583576,0.004811403255770674,73,"{0: 33, 1: 12, 2: 18, 3: 10}",max_iter,63.91,,,,300.0,301.0,"{0: 7.720602001803338, 1: 6.643883893690458, 2: 8.183609957159579, 3: 7.558099752169723}","{'random': 7.368909917617262, 'probability': 9.321535008136802, 'degree': 6.996885151379684, 'bridge': 8.127302221846307, 'betweenness': 5.9497095904119, 'spectral': 5.936951305635072}","{'random': 7.112292677961933, 'worst': 8.122965830539483, 'related': 6.5525708651960075}","{'random': 1, 'probability': 8, 'degree': 1, 'bridge': 3, 'betweenness': 1, 'spectral': 1}","{0: 8, 1: 3, 2: 2, 3: 2}","{0: 8, 1: 3, 2: 2, 3: 2}","{0: 89, 1: 76, 2: 64, 3: 71}","{'random': 0, 'probability': 0, 'degree': 0, 'bridge': 1, 'betweenness': 0, 'spectral': 0}","{0: 0, 1: 0, 2: 0, 3: 0}","{0: 209, 1: 4651, 2: 13982, 3: 3379}","(7, 29)",300.0,20.0,6.0,0.1,0.4,0.1,3.0,
typical,3,209,104,greedy_random,7.0,643.556,644.473,633.88,635.8985,0.015035210611042515,0.013304669086214527,0.0017305415248279887,104,{0: 104},topk,0.69,209.0,"(1, 0)","[1, 1, 1, 1, 1, 1, 1, 1, 1, 1, 1, 1, 1, 1, 1, 1, 1, 1, 1, 1, 1, 1, 1, 1, 1, 1, 1, 1, 1, 1, 1, 1, 1, 1, 1, 1, 1, 1, 1, 1, 1, 1, 1, 1, 1, 1, 1, 1, 1, 1, 1, 1, 1, 1, 1, 1, 1, 1, 1, 1, 1, 1, 1, 1, 1, 1, 1, 1, 1, 1, 1, 1, 1, 1, 1, 1, 1, 1, 1, 1, 1, 1, 1, 1, 1, 1, 1, 1, 1, 1, 1, 1, 1, 1, 1, 1, 1, 1, 1, 1, 1, 1, 1, 1, 1, 1, 1, 1, 1, 1, 1, 1, 1, 1, 1, 1, 1, 1, 1, 1, 1, 1, 1, 1, 1, 1, 1, 1, 1, 1, 1, 1, 1, 1, 1, 1, 1, 1, 1, 1, 1, 1, 1, 1, 1, 1, 1, 1, 1, 1, 1, 1, 1, 1, 1, 1, 1, 1, 1, 1, 1, 1, 1, 1, 1, 1, 1, 1, 1, 1, 1, 1, 1, 1, 1, 1, 1, 1, 1, 1, 1, 1, 1, 1, 1, 1, 1, 1, 1, 1, 1, 1, 1, 1, 1, 1, 1, 1, 1, 1, 1, 1, 1, 1, 1, 1, 1, 1, 1]",,,,,,,,,,,,,,,,,,,,,
typical,3,209,104,greedy_probability,,643.556,644.473,291.512,269.79,0.5470293183499183,0.5813788940731419,-0.03434957572322361,104,{0: 104},topk,0.31,209.0,"(24, 32)","[73, 56, 36, 23, 17, 3, 1]",,,,,,,,,,,,,,,,,,,,,
typical,3,209,104,greedy_degree,,643.556,644.473,523.076,528.66,0.18720981546283466,0.1797018649346055,0.007507950528229168,104,{0: 104},topk,0.58,209.0,"(1, 8)","[18, 16, 16, 13, 11, 10, 9, 9, 8, 7, 6, 5, 5, 4, 4, 4, 4, 4, 4, 4, 3, 3, 3, 2, 2, 2, 1, 1, 1, 1, 1, 1, 1, 1, 1, 1, 1, 1, 1, 1, 1, 1, 1, 1, 1, 1, 1, 1, 1, 1, 1, 1, 1, 1, 1, 1, 1, 1, 1]",,,,,,,,,,,,,,,,,,,,,
typical,3,209,104,greedy_bridge,,643.556,644.473,632.23,628.231,0.01759909005587712,0.025201986739552984,-0.007602896683675864,104,{0: 104},topk,0.69,209.0,"(66, 105)","[171, 38]",,,,,,,,,,,,,,,,,,,,,
typical,3,209,104,greedy_betweenness,,643.556,644.473,497.336,517.627,0.22720633480225505,0.19682127878126776,0.03038505602098729,104,{0: 104},topk,0.56,209.0,"(1, 0)","[34, 7, 3, 3, 3, 2, 2, 1, 1, 1, 1, 1, 1, 1, 1, 1, 1, 1, 1, 1, 1, 1, 1, 1, 1, 1, 1, 1, 1, 1, 1, 1, 1, 1, 1, 1, 1, 1, 1, 1, 1, 1, 1, 1, 1, 1, 1, 1, 1, 1, 1, 1, 1, 1, 1, 1, 1, 1, 1, 1, 1, 1, 1, 1, 1, 1, 1, 1, 1, 1, 1, 1, 1, 1, 1, 1, 1, 1, 1, 1, 1, 1, 1, 1, 1, 1, 1, 1, 1, 1, 1, 1, 1, 1, 1, 1, 1, 1, 1, 1, 1, 1, 1, 1, 1, 1, 1, 1, 1, 1, 1, 1, 1, 1, 1, 1, 1, 1, 1, 1, 1, 1, 1, 1, 1, 1, 1, 1, 1, 1, 1, 1, 1, 1, 1, 1, 1, 1, 1, 1, 1, 1, 1, 1, 1, 1, 1, 1, 1, 1, 1, 1, 1, 1, 1, 1, 1, 1, 1, 1, 1, 1]",,,,,,,,,,,,,,,,,,,,,
typical,3,209,104,greedy_spectral,,643.556,644.473,599.312,599.6375,0.06874926191349318,0.06956924494897365,-0.000819983035480476,104,{0: 104},topk,0.66,209.0,"(1, 0)","[16, 7, 2, 2, 1, 1, 1, 1, 1, 1, 1, 1, 1, 1, 1, 1, 1, 1, 1, 1, 1, 1, 1, 1, 1, 1, 1, 1, 1, 1, 1, 1, 1, 1, 1, 1, 1, 1, 1, 1, 1, 1, 1, 1, 1, 1, 1, 1, 1, 1, 1, 1, 1, 1, 1, 1, 1, 1, 1, 1, 1, 1, 1, 1, 1, 1, 1, 1, 1, 1, 1, 1, 1, 1, 1, 1, 1, 1, 1, 1, 1, 1, 1, 1, 1, 1, 1, 1, 1, 1, 1, 1, 1, 1, 1, 1, 1, 1, 1, 1, 1, 1, 1, 1, 1, 1, 1, 1, 1, 1, 1, 1, 1, 1, 1, 1, 1, 1, 1, 1, 1, 1, 1, 1, 1, 1, 1, 1, 1, 1, 1, 1, 1, 1, 1, 1, 1, 1, 1, 1, 1, 1, 1, 1, 1, 1, 1, 1, 1, 1, 1, 1, 1, 1, 1, 1, 1, 1, 1, 1, 1, 1, 1, 1, 1, 1, 1, 1, 1, 1, 1, 1, 1, 1, 1, 1, 1, 1, 1, 1, 1, 1, 1, 1, 1, 1]",,,,,,,,,,,,,,,,,,,,,
typical,3,209,104,alns,7.0,643.556,644.473,279.66,290.267,0.5654457420954819,0.5496056467842718,0.01584009531121011,104,"{0: 103, 1: 1}",max_iter,63.49,,,,300.0,301.0,"{0: 3.342137671344286, 1: 1.0054491498723608, 2: 1.0269137946449165, 3: 0.9037745167392004}","{'random': 0.9873736595375764, 'probability': 2.8404471094823576, 'degree': 3.7012679830142705, 'bridge': 0.9461389472113503, 'betweenness': 1.1426192482077004, 'spectral': 3.0979423147927556}","{'random': 1.462832755402545, 'worst': 2.8447659924126616, 'related': 1.5728926866542339}","{'random': 1, 'probability': 9, 'degree': 7, 'bridge': 1, 'betweenness': 0, 'spectral': 3}","{1: 2, 0: 17, 2: 2}","{0: 17, 1: 2, 2: 2, 3: 0}","{0: 132, 1: 55, 2: 64, 3: 49}","{'random': 0, 'probability': 0, 'degree': 0, 'bridge': 0, 'betweenness': 0, 'spectral': 0}","{0: 0, 1: 0, 2: 0, 3: 0}","{0: 209, 1: 4651, 2: 13982, 3: 3379}","(10, 41)",300.0,20.0,6.0,0.1,0.4,0.1,3.0,
typical,13,92,18,greedy_random,7.0,643.556,644.473,643.124,644.0255,0.0006712702546476379,0.0006943657841368411,-2.3095529489203237e-05,18,{0: 18},topk,0.7,92.0,"(1, 0)","[1, 1, 1, 1, 1, 1, 1, 1, 1, 1, 1, 1, 1, 1, 1, 1, 1, 1, 1, 1, 1, 1, 1, 1, 1, 1, 1, 1, 1, 1, 1, 1, 1, 1, 1, 1, 1, 1, 1, 1, 1, 1, 1, 1, 1, 1, 1, 1, 1, 1, 1, 1, 1, 1, 1, 1, 1, 1, 1, 1, 1, 1, 1, 1, 1, 1, 1, 1, 1, 1, 1, 1, 1, 1, 1, 1, 1, 1, 1, 1, 1, 1, 1, 1, 1, 1, 1, 1, 1, 1, 1, 1]",,,,,,,,,,,,,,,,,,,,,
typical,13,92,18,greedy_probability,,643.556,644.473,474.028,444.9745,0.26342385122662204,0.3095529215343389,-0.046129070307716846,18,{0: 18},topk,0.49,92.0,"(5, 7)","[53, 14, 12, 7, 2, 1, 1, 1, 1]",,,,,,,,,,,,,,,,,,,,,
typical,13,92,18,greedy_degree,,643.556,644.473,643.552,644.452,6.215465320869029e-06,3.2584763054455124e-05,-2.6369297733586095e-05,18,{0: 18},topk,0.7,92.0,"(2, 0)","[9, 8, 7, 6, 6, 4, 3, 3, 2, 2, 2, 2, 2, 2, 2, 2, 2, 1, 1, 1, 1, 1, 1, 1, 1, 1, 1, 1, 1, 1, 1, 1, 1, 1, 1, 1, 1, 1, 1, 1, 1, 1, 1, 1, 1]",,,,,,,,,,,,,,,,,,,,,
typical,13,92,18,greedy_bridge,,643.556,644.473,643.212,644.078,0.0005345300175898515,0.0006129038765005923,-7.837385891074078e-05,18,{0: 18},topk,0.71,92.0,"(18, 3)","[71, 21]",,,,,,,,,,,,,,,,,,,,,
typical,13,92,18,greedy_betweenness,,643.556,644.473,642.968,643.9325,0.0009136734021594206,0.0008386697348065075,7.500366735291308e-05,18,{0: 18},topk,0.71,92.0,"(1, 0)","[16, 3, 2, 1, 1, 1, 1, 1, 1, 1, 1, 1, 1, 1, 1, 1, 1, 1, 1, 1, 1, 1, 1, 1, 1, 1, 1, 1, 1, 1, 1, 1, 1, 1, 1, 1, 1, 1, 1, 1, 1, 1, 1, 1, 1, 1, 1, 1, 1, 1, 1, 1, 1, 1, 1, 1, 1, 1, 1, 1, 1, 1, 1, 1, 1, 1, 1, 1, 1, 1, 1, 1, 1, 1]",,,,,,,,,,,,,,,,,,,,,
typical,13,92,18,greedy_spectral,,643.556,644.473,642.922,643.9175,0.0009851512533486373,0.000861944565559658,0.00012320668778897925,18,{0: 18},topk,0.7,92.0,"(1, 0)","[7, 6, 2, 1, 1, 1, 1, 1, 1, 1, 1, 1, 1, 1, 1, 1, 1, 1, 1, 1, 1, 1, 1, 1, 1, 1, 1, 1, 1, 1, 1, 1, 1, 1, 1, 1, 1, 1, 1, 1, 1, 1, 1, 1, 1, 1, 1, 1, 1, 1, 1, 1, 1, 1, 1, 1, 1, 1, 1, 1, 1, 1, 1, 1, 1, 1, 1, 1, 1, 1, 1, 1, 1, 1, 1, 1, 1, 1, 1, 1]",,,,,,,,,,,,,,,,,,,,,
typical,13,92,18,alns,7.0,643.556,644.473,608.884,606.992,0.05387565340079192,0.058157595430685216,-0.004281942029893293,18,"{0: 12, 1: 6}",max_iter,57.21,,,,300.0,301.0,"{0: 7.935813963250458, 1: 7.0174569434926095, 2: 5.3800925876285435, 3: 5.394627111951964}","{'random': 5.621261579976283, 'probability': 8.012468476112899, 'degree': 4.559801214213007, 'bridge': 6.059828872134081, 'betweenness': 6.138531398948541, 'spectral': 4.309357169968914}","{'random': 6.718637168863447, 'worst': 5.924414141573663, 'related': 6.731603219452171}","{'random': 1, 'probability': 8, 'degree': 0, 'bridge': 3, 'betweenness': 1, 'spectral': 2}","{0: 5, 1: 6, 2: 2, 3: 2}","{0: 5, 1: 6, 2: 2, 3: 2}","{0: 80, 1: 81, 2: 68, 3: 71}","{'random': 1, 'probability': 2, 'degree': 6, 'bridge': 1, 'betweenness': 5, 'spectral': 11}","{0: 0, 1: 0, 2: 0, 3: 0}","{0: 92, 1: 2482, 2: 13311, 3: 6024}","(1, 7)",300.0,20.0,6.0,0.1,0.4,0.1,3.0,
typical,13,92,32,greedy_random,7.0,643.556,644.473,642.118,643.1105,0.002234459782831655,0.0021141304600812427,0.00012032932275041208,32,{0: 32},topk,0.71,92.0,"(1, 0)","[1, 1, 1, 1, 1, 1, 1, 1, 1, 1, 1, 1, 1, 1, 1, 1, 1, 1, 1, 1, 1, 1, 1, 1, 1, 1, 1, 1, 1, 1, 1, 1, 1, 1, 1, 1, 1, 1, 1, 1, 1, 1, 1, 1, 1, 1, 1, 1, 1, 1, 1, 1, 1, 1, 1, 1, 1, 1, 1, 1, 1, 1, 1, 1, 1, 1, 1, 1, 1, 1, 1, 1, 1, 1, 1, 1, 1, 1, 1, 1, 1, 1, 1, 1, 1, 1, 1, 1, 1, 1, 1, 1]",,,,,,,,,,,,,,,,,,,,,
typical,13,92,32,greedy_probability,,643.556,644.473,172.886,173.213,0.7313582656365569,0.7312331160498577,0.0001251495866991803,32,{0: 32},topk,0.19,92.0,"(7, 7)","[53, 14, 12, 7, 2, 1, 1, 1, 1]",,,,,,,,,,,,,,,,,,,,,
typical,13,92,32,greedy_degree,,643.556,644.473,597.126,605.1595,0.07214601371131657,0.06100100392103314,0.011145009790283433,32,{0: 32},topk,0.69,92.0,"(1, 0)","[9, 8, 7, 6, 6, 4, 3, 3, 2, 2, 2, 2, 2, 2, 2, 2, 2, 1, 1, 1, 1, 1, 1, 1, 1, 1, 1, 1, 1, 1, 1, 1, 1, 1, 1, 1, 1, 1, 1, 1, 1, 1, 1, 1, 1]",,,,,,,,,,,,,,,,,,,,,
typical,13,92,32,greedy_bridge,,643.556,644.473,643.16,644.0135,0.0006153310667603717,0.0007129856487392283,-9.765458197885657e-05,32,{0: 32},topk,0.71,92.0,"(11, 60)","[71, 21]",,,,,,,,,,,,,,,,,,,,,
typical,13,92,32,greedy_betweenness,,643.556,644.473,595.794,603.5045,0.07421576366314675,0.06356899358080159,0.010646770082345158,32,{0: 32},topk,0.66,92.0,"(1, 0)","[16, 3, 2, 1, 1, 1, 1, 1, 1, 1, 1, 1, 1, 1, 1, 1, 1, 1, 1, 1, 1, 1, 1, 1, 1, 1, 1, 1, 1, 1, 1, 1, 1, 1, 1, 1, 1, 1, 1, 1, 1, 1, 1, 1, 1, 1, 1, 1, 1, 1, 1, 1, 1, 1, 1, 1, 1, 1, 1, 1, 1, 1, 1, 1, 1, 1, 1, 1, 1, 1, 1, 1, 1, 1]",,,,,,,,,,,,,,,,,,,,,
typical,13,92,32,greedy_spectral,,643.556,644.473,598.326,606.108,0.07028137411507318,0.0595292587897398,0.010752115325333378,32,{0: 32},topk,0.66,92.0,"(1, 0)","[7, 6, 2, 1, 1, 1, 1, 1, 1, 1, 1, 1, 1, 1, 1, 1, 1, 1, 1, 1, 1, 1, 1, 1, 1, 1, 1, 1, 1, 1, 1, 1, 1, 1, 1, 1, 1, 1, 1, 1, 1, 1, 1, 1, 1, 1, 1, 1, 1, 1, 1, 1, 1, 1, 1, 1, 1, 1, 1, 1, 1, 1, 1, 1, 1, 1, 1, 1, 1, 1, 1, 1, 1, 1, 1, 1, 1, 1, 1, 1]",,,,,,,,,,,,,,,,,,,,,
typical,13,92,32,alns,7.0,643.556,644.473,215.464,208.154,0.6651977450291816,0.6770167252933792,-0.011818980264197587,32,{0: 32},max_iter,50.9,,,,300.0,301.0,"{0: 3.8510674750833447, 1: 1.3893127313628513, 2: 1.3993902854498272, 3: 1.4444983263578044}","{'random': 1.5165210866645347, 'probability': 5.199749389846993, 'degree': 1.751969690126461, 'bridge': 1.4973854129871487, 'betweenness': 2.180811105418201, 'spectral': 2.194390878888781}","{'random': 2.1843064750334493, 'worst': 2.994958854655173, 'related': 1.9552334779039382}","{'random': 1, 'probability': 9, 'degree': 1, 'bridge': 0, 'betweenness': 2, 'spectral': 1}",{0: 14},"{0: 14, 1: 0, 2: 0, 3: 0}","{0: 123, 1: 50, 2: 68, 3: 59}","{'random': 0, 'probability': 0, 'degree': 1, 'bridge': 0, 'betweenness': 1, 'spectral': 0}","{0: 0, 1: 0, 2: 0, 3: 0}","{0: 92, 1: 2482, 2: 13311, 3: 6024}","(3, 12)",300.0,20.0,6.0,0.1,0.4,0.1,3.0,
typical,13,92,46,greedy_random,7.0,643.556,644.473,641.87,642.8355,0.002619818632721982,0.002540835690556409,7.8982942165573e-05,46,{0: 46},topk,0.7,92.0,"(1, 0)","[1, 1, 1, 1, 1, 1, 1, 1, 1, 1, 1, 1, 1, 1, 1, 1, 1, 1, 1, 1, 1, 1, 1, 1, 1, 1, 1, 1, 1, 1, 1, 1, 1, 1, 1, 1, 1, 1, 1, 1, 1, 1, 1, 1, 1, 1, 1, 1, 1, 1, 1, 1, 1, 1, 1, 1, 1, 1, 1, 1, 1, 1, 1, 1, 1, 1, 1, 1, 1, 1, 1, 1, 1, 1, 1, 1, 1, 1, 1, 1, 1, 1, 1, 1, 1, 1, 1, 1, 1, 1, 1, 1]",,,,,,,,,,,,,,,,,,,,,
typical,13,92,46,greedy_probability,,643.556,644.473,76.686,85.3235,0.8808402066020673,0.8676073318820183,0.01323287472004897,46,{0: 46},topk,0.1,92.0,"(7, 46)","[53, 14, 12, 7, 2, 1, 1, 1, 1]",,,,,,,,,,,,,,,,,,,,,
typical,13,92,46,greedy_degree,,643.556,644.473,469.882,460.8615,0.26986618103164295,0.2849017724559446,-0.015035591424301664,46,{0: 46},topk,0.51,92.0,"(2, 2)","[9, 8, 7, 6, 6, 4, 3, 3, 2, 2, 2, 2, 2, 2, 2, 2, 2, 1, 1, 1, 1, 1, 1, 1, 1, 1, 1, 1, 1, 1, 1, 1, 1, 1, 1, 1, 1, 1, 1, 1, 1, 1, 1, 1, 1]",,,,,,,,,,,,,,,,,,,,,
typical,13,92,46,greedy_bridge,,643.556,644.473,594.232,607.314,0.07664290287092357,0.05765796239718346,0.01898494047374011,46,{0: 46},topk,0.66,92.0,"(25, 46)","[71, 21]",,,,,,,,,,,,,,,,,,,,,
typical,13,92,46,greedy_betweenness,,643.556,644.473,582.504,594.159,0.09486664719154203,0.07806998896773021,0.016796658223811822,46,{0: 46},topk,0.65,92.0,"(1, 0)","[16, 3, 2, 1, 1, 1, 1, 1, 1, 1, 1, 1, 1, 1, 1, 1, 1, 1, 1, 1, 1, 1, 1, 1, 1, 1, 1, 1, 1, 1, 1, 1, 1, 1, 1, 1, 1, 1, 1, 1, 1, 1, 1, 1, 1, 1, 1, 1, 1, 1, 1, 1, 1, 1, 1, 1, 1, 1, 1, 1, 1, 1, 1, 1, 1, 1, 1, 1, 1, 1, 1, 1, 1, 1]",,,,,,,,,,,,,,,,,,,,,
typical,13,92,46,greedy_spectral,,643.556,644.473,494.11,482.093,0.2322191075834893,0.25195780118018896,-0.019738693596699664,46,{0: 46},topk,0.53,92.0,"(1, 0)","[7, 6, 2, 1, 1, 1, 1, 1, 1, 1, 1, 1, 1, 1, 1, 1, 1, 1, 1, 1, 1, 1, 1, 1, 1, 1, 1, 1, 1, 1, 1, 1, 1, 1, 1, 1, 1, 1, 1, 1, 1, 1, 1, 1, 1, 1, 1, 1, 1, 1, 1, 1, 1, 1, 1, 1, 1, 1, 1, 1, 1, 1, 1, 1, 1, 1, 1, 1, 1, 1, 1, 1, 1, 1, 1, 1, 1, 1, 1, 1]",,,,,,,,,,,,,,,,,,,,,
typical,13,92,46,alns,7.0,643.556,644.473,39.064,68.7365,0.9392997656769574,0.8933446397288948,0.045955125948062614,46,{0: 46},max_iter,46.74,,,,300.0,301.0,"{0: 2.2678407431598626, 1: 0.7727541098631098, 2: 0.7273972712068155, 3: 0.8767803484673102}","{'random': 0.7083337940550002, 'probability': 1.5471036763354244, 'degree': 2.505866921885475, 'bridge': 1.2133736289085504, 'betweenness': 1.4376674574359198, 'spectral': 1.762221792859201}","{'random': 1.080702889508876, 'worst': 1.883040926235279, 'related': 0.9414699420137131}","{'random': 0, 'probability': 4, 'degree': 3, 'bridge': 0, 'betweenness': 2, 'spectral': 2}",{0: 11},"{0: 11, 1: 0, 2: 0, 3: 0}","{0: 137, 1: 57, 2: 49, 3: 57}","{'random': 0, 'probability': 0, 'degree': 0, 'bridge': 0, 'betweenness': 0, 'spectral': 0}","{0: 0, 1: 0, 2: 0, 3: 0}","{0: 92, 1: 2482, 2: 13311, 3: 6024}","(4, 18)",300.0,20.0,6.0,0.1,0.4,0.1,3.0,
typical,24,106,21,greedy_random,7.0,643.556,644.473,643.294,644.1905,0.00040711297851325767,0.0004383426458516304,-3.1229667338372735e-05,21,{0: 21},topk,0.7,106.0,"(1, 0)","[1, 1, 1, 1, 1, 1, 1, 1, 1, 1, 1, 1, 1, 1, 1, 1, 1, 1, 1, 1, 1, 1, 1, 1, 1, 1, 1, 1, 1, 1, 1, 1, 1, 1, 1, 1, 1, 1, 1, 1, 1, 1, 1, 1, 1, 1, 1, 1, 1, 1, 1, 1, 1, 1, 1, 1, 1, 1, 1, 1, 1, 1, 1, 1, 1, 1, 1, 1, 1, 1, 1, 1, 1, 1, 1, 1, 1, 1, 1, 1, 1, 1, 1, 1, 1, 1, 1, 1, 1, 1, 1, 1, 1, 1, 1, 1, 1, 1, 1, 1, 1, 1, 1, 1, 1, 1]",,,,,,,,,,,,,,,,,,,,,
typical,24,106,21,greedy_probability,,643.556,644.473,423.396,437.457,0.3420992112574508,0.3212174908801454,0.0208817203773054,21,{0: 21},topk,0.49,106.0,"(3, 16)","[69, 19, 10, 2, 2, 2, 1, 1]",,,,,,,,,,,,,,,,,,,,,
typical,24,106,21,greedy_degree,,643.556,644.473,637.354,638.746,0.009637078979917835,0.008886330381567498,0.000750748598350337,21,{0: 21},topk,0.7,106.0,"(1, 1)","[6, 6, 5, 5, 5, 4, 4, 4, 4, 3, 3, 3, 3, 2, 2, 2, 2, 2, 2, 2, 1, 1, 1, 1, 1, 1, 1, 1, 1, 1, 1, 1, 1, 1, 1, 1, 1, 1, 1, 1, 1, 1, 1, 1, 1, 1, 1, 1, 1, 1, 1, 1, 1, 1, 1, 1, 1]",,,,,,,,,,,,,,,,,,,,,
typical,24,106,21,greedy_bridge,,643.556,644.473,643.268,644.2225,0.0004475135030984623,0.00038868967357819084,5.882382952027143e-05,21,{0: 21},topk,0.72,106.0,"(7, 85)","[92, 14]",,,,,,,,,,,,,,,,,,,,,
typical,24,106,21,greedy_betweenness,,643.556,644.473,641.064,643.1275,0.003872234894865545,0.0020877523185609537,0.0017844825763045913,21,{0: 21},topk,0.69,106.0,"(1, 0)","[7, 3, 3, 2, 1, 1, 1, 1, 1, 1, 1, 1, 1, 1, 1, 1, 1, 1, 1, 1, 1, 1, 1, 1, 1, 1, 1, 1, 1, 1, 1, 1, 1, 1, 1, 1, 1, 1, 1, 1, 1, 1, 1, 1, 1, 1, 1, 1, 1, 1, 1, 1, 1, 1, 1, 1, 1, 1, 1, 1, 1, 1, 1, 1, 1, 1, 1, 1, 1, 1, 1, 1, 1, 1, 1, 1, 1, 1, 1, 1, 1, 1, 1, 1, 1, 1, 1, 1, 1, 1, 1, 1, 1, 1, 1]",,,,,,,,,,,,,,,,,,,,,
typical,24,106,21,greedy_spectral,,643.556,644.473,639.826,641.898,0.005795921411656524,0.003995512612630647,0.0018004087990258766,21,{0: 21},topk,0.7,106.0,"(1, 0)","[4, 3, 3, 1, 1, 1, 1, 1, 1, 1, 1, 1, 1, 1, 1, 1, 1, 1, 1, 1, 1, 1, 1, 1, 1, 1, 1, 1, 1, 1, 1, 1, 1, 1, 1, 1, 1, 1, 1, 1, 1, 1, 1, 1, 1, 1, 1, 1, 1, 1, 1, 1, 1, 1, 1, 1, 1, 1, 1, 1, 1, 1, 1, 1, 1, 1, 1, 1, 1, 1, 1, 1, 1, 1, 1, 1, 1, 1, 1, 1, 1, 1, 1, 1, 1, 1, 1, 1, 1, 1, 1, 1, 1, 1, 1, 1, 1, 1, 1]",,,,,,,,,,,,,,,,,,,,,
typical,24,106,21,alns,7.0,643.556,644.473,416.706,436.1585,0.35249457700650766,0.32323231539567987,0.02926226161082779,21,{0: 21},max_iter,53.23,,,,300.0,300.0,"{0: 4.40634042998599, 1: 1.8213727555994832, 2: 2.1005222035353484, 3: 1.6391806593516003}","{'random': 2.117665222860403, 'probability': 5.07004921842039, 'degree': 3.5785192280515927, 'bridge': 1.763838844662858, 'betweenness': 2.4783704327915856, 'spectral': 2.707395823284476}","{'random': 1.3285768966340832, 'worst': 4.146255891342759, 'related': 2.141953773774112}","{'random': 0, 'probability': 8, 'degree': 3, 'bridge': 0, 'betweenness': 4, 'spectral': 2}","{2: 1, 0: 16}","{0: 16, 1: 0, 2: 1, 3: 0}","{0: 112, 1: 66, 2: 75, 3: 47}","{'random': 1, 'probability': 1, 'degree': 1, 'bridge': 1, 'betweenness': 0, 'spectral': 0}","{0: 0, 1: 0, 2: 0, 3: 0}","{0: 106, 1: 3745, 2: 13730, 3: 4503}","(2, 8)",300.0,20.0,6.0,0.1,0.4,0.1,3.0,
typical,24,106,37,greedy_random,7.0,643.556,644.473,642.682,643.6825,0.0013580791725973373,0.0012265835806929415,0.00013149559190439586,37,{0: 37},topk,0.71,106.0,"(1, 0)","[1, 1, 1, 1, 1, 1, 1, 1, 1, 1, 1, 1, 1, 1, 1, 1, 1, 1, 1, 1, 1, 1, 1, 1, 1, 1, 1, 1, 1, 1, 1, 1, 1, 1, 1, 1, 1, 1, 1, 1, 1, 1, 1, 1, 1, 1, 1, 1, 1, 1, 1, 1, 1, 1, 1, 1, 1, 1, 1, 1, 1, 1, 1, 1, 1, 1, 1, 1, 1, 1, 1, 1, 1, 1, 1, 1, 1, 1, 1, 1, 1, 1, 1, 1, 1, 1, 1, 1, 1, 1, 1, 1, 1, 1, 1, 1, 1, 1, 1, 1, 1, 1, 1, 1, 1, 1]",,,,,,,,,,,,,,,,,,,,,
typical,24,106,37,greedy_probability,,643.556,644.473,304.122,321.3895,0.5274350639260608,0.5013142521098634,0.02612081181619741,37,{0: 37},topk,0.35,106.0,"(19, 0)","[69, 19, 10, 2, 2, 2, 1, 1]",,,,,,,,,,,,,,,,,,,,,
typical,24,106,37,greedy_degree,,643.556,644.473,633.296,630.592,0.015942668547880845,0.021538528379001054,-0.005595859831120209,37,{0: 37},topk,0.69,106.0,"(2, 0)","[6, 6, 5, 5, 5, 4, 4, 4, 4, 3, 3, 3, 3, 2, 2, 2, 2, 2, 2, 2, 1, 1, 1, 1, 1, 1, 1, 1, 1, 1, 1, 1, 1, 1, 1, 1, 1, 1, 1, 1, 1, 1, 1, 1, 1, 1, 1, 1, 1, 1, 1, 1, 1, 1, 1, 1, 1]",,,,,,,,,,,,,,,,,,,,,
typical,24,106,37,greedy_bridge,,643.556,644.473,633.208,637.8405,0.016079408784938742,0.010291354331368296,0.005788054453570446,37,{0: 37},topk,0.7,106.0,"(23, 69)","[92, 14]",,,,,,,,,,,,,,,,,,,,,
typical,24,106,37,greedy_betweenness,,643.556,644.473,631.99,632.1385,0.01797201797512571,0.019138893328347284,-0.0011668753532215748,37,{0: 37},topk,0.69,106.0,"(1, 0)","[7, 3, 3, 2, 1, 1, 1, 1, 1, 1, 1, 1, 1, 1, 1, 1, 1, 1, 1, 1, 1, 1, 1, 1, 1, 1, 1, 1, 1, 1, 1, 1, 1, 1, 1, 1, 1, 1, 1, 1, 1, 1, 1, 1, 1, 1, 1, 1, 1, 1, 1, 1, 1, 1, 1, 1, 1, 1, 1, 1, 1, 1, 1, 1, 1, 1, 1, 1, 1, 1, 1, 1, 1, 1, 1, 1, 1, 1, 1, 1, 1, 1, 1, 1, 1, 1, 1, 1, 1, 1, 1, 1, 1, 1, 1]",,,,,,,,,,,,,,,,,,,,,
typical,24,106,37,greedy_spectral,,643.556,644.473,633.296,631.242,0.015942668547880845,0.020529952379696237,-0.004587283831815392,37,{0: 37},topk,0.69,106.0,"(1, 0)","[4, 3, 3, 1, 1, 1, 1, 1, 1, 1, 1, 1, 1, 1, 1, 1, 1, 1, 1, 1, 1, 1, 1, 1, 1, 1, 1, 1, 1, 1, 1, 1, 1, 1, 1, 1, 1, 1, 1, 1, 1, 1, 1, 1, 1, 1, 1, 1, 1, 1, 1, 1, 1, 1, 1, 1, 1, 1, 1, 1, 1, 1, 1, 1, 1, 1, 1, 1, 1, 1, 1, 1, 1, 1, 1, 1, 1, 1, 1, 1, 1, 1, 1, 1, 1, 1, 1, 1, 1, 1, 1, 1, 1, 1, 1, 1, 1, 1, 1]",,,,,,,,,,,,,,,,,,,,,
typical,24,106,37,alns,7.0,643.556,644.473,306.69,327.674,0.5234447351901,0.49156287385196895,0.03188186133813109,37,{0: 37},max_iter,49.84,,,,300.0,301.0,"{0: 4.778652213059934, 1: 2.293914292453562, 2: 1.4215248079207567, 3: 1.9899292949177583}","{'random': 1.8023756416514316, 'probability': 6.132670519445135, 'degree': 2.2679551190429574, 'bridge': 1.8939902929840804, 'betweenness': 3.1510945095226464, 'spectral': 2.651173907799277}","{'random': 2.805546277022984, 'worst': 3.121366471550623, 'related': 2.983252029653338}","{'random': 1, 'probability': 9, 'degree': 2, 'bridge': 2, 'betweenness': 7, 'spectral': 4}","{1: 5, 0: 18, 2: 1, 3: 1}","{0: 18, 1: 5, 2: 1, 3: 1}","{0: 115, 1: 65, 2: 43, 3: 77}","{'random': 0, 'probability': 0, 'degree': 0, 'bridge': 0, 'betweenness': 0, 'spectral': 0}","{0: 0, 1: 0, 2: 0, 3: 0}","{0: 106, 1: 3745, 2: 13730, 3: 4503}","(3, 14)",300.0,20.0,6.0,0.1,0.4,0.1,3.0,
typical,24,106,53,greedy_random,7.0,643.556,644.473,641.862,642.857,0.00263224956336372,0.002507475099810197,0.00012477446355352306,53,{0: 53},topk,0.71,106.0,"(1, 0)","[1, 1, 1, 1, 1, 1, 1, 1, 1, 1, 1, 1, 1, 1, 1, 1, 1, 1, 1, 1, 1, 1, 1, 1, 1, 1, 1, 1, 1, 1, 1, 1, 1, 1, 1, 1, 1, 1, 1, 1, 1, 1, 1, 1, 1, 1, 1, 1, 1, 1, 1, 1, 1, 1, 1, 1, 1, 1, 1, 1, 1, 1, 1, 1, 1, 1, 1, 1, 1, 1, 1, 1, 1, 1, 1, 1, 1, 1, 1, 1, 1, 1, 1, 1, 1, 1, 1, 1, 1, 1, 1, 1, 1, 1, 1, 1, 1, 1, 1, 1, 1, 1, 1, 1, 1, 1]",,,,,,,,,,,,,,,,,,,,,
typical,24,106,53,greedy_probability,,643.556,644.473,199.14,210.5185,0.6905630590034123,0.6733478361389849,0.01721522286442745,53,{0: 53},topk,0.23,106.0,"(16, 53)","[69, 19, 10, 2, 2, 2, 1, 1]",,,,,,,,,,,,,,,,,,,,,
typical,24,106,53,greedy_degree,,643.556,644.473,623.594,622.418,0.031018279683508454,0.03422175948410555,-0.0032034798005970977,53,{0: 53},topk,0.69,106.0,"(2, 1)","[6, 6, 5, 5, 5, 4, 4, 4, 4, 3, 3, 3, 3, 2, 2, 2, 2, 2, 2, 2, 1, 1, 1, 1, 1, 1, 1, 1, 1, 1, 1, 1, 1, 1, 1, 1, 1, 1, 1, 1, 1, 1, 1, 1, 1, 1, 1, 1, 1, 1, 1, 1, 1, 1, 1, 1, 1]",,,,,,,,,,,,,,,,,,,,,
typical,24,106,53,greedy_bridge,,643.556,644.473,631.846,630.855,0.018195774726674996,0.021130443013128497,-0.002934668286453501,53,{0: 53},topk,0.69,106.0,"(39, 53)","[92, 14]",,,,,,,,,,,,,,,,,,,,,
typical,24,106,53,greedy_betweenness,,643.556,644.473,620.988,623.089,0.03506765534001699,0.03318059872174617,0.0018870566182708215,53,{0: 53},topk,0.68,106.0,"(1, 0)","[7, 3, 3, 2, 1, 1, 1, 1, 1, 1, 1, 1, 1, 1, 1, 1, 1, 1, 1, 1, 1, 1, 1, 1, 1, 1, 1, 1, 1, 1, 1, 1, 1, 1, 1, 1, 1, 1, 1, 1, 1, 1, 1, 1, 1, 1, 1, 1, 1, 1, 1, 1, 1, 1, 1, 1, 1, 1, 1, 1, 1, 1, 1, 1, 1, 1, 1, 1, 1, 1, 1, 1, 1, 1, 1, 1, 1, 1, 1, 1, 1, 1, 1, 1, 1, 1, 1, 1, 1, 1, 1, 1, 1, 1, 1]",,,,,,,,,,,,,,,,,,,,,
typical,24,106,53,greedy_spectral,,643.556,644.473,243.204,256.338,0.6220934930293557,0.6022517622926018,0.019841730736753882,53,{0: 53},topk,0.28,106.0,"(1, 0)","[4, 3, 3, 1, 1, 1, 1, 1, 1, 1, 1, 1, 1, 1, 1, 1, 1, 1, 1, 1, 1, 1, 1, 1, 1, 1, 1, 1, 1, 1, 1, 1, 1, 1, 1, 1, 1, 1, 1, 1, 1, 1, 1, 1, 1, 1, 1, 1, 1, 1, 1, 1, 1, 1, 1, 1, 1, 1, 1, 1, 1, 1, 1, 1, 1, 1, 1, 1, 1, 1, 1, 1, 1, 1, 1, 1, 1, 1, 1, 1, 1, 1, 1, 1, 1, 1, 1, 1, 1, 1, 1, 1, 1, 1, 1, 1, 1, 1, 1]",,,,,,,,,,,,,,,,,,,,,
typical,24,106,53,alns,7.0,643.556,644.473,156.81,178.122,0.7563382207608973,0.7236160397720308,0.03272218098886648,53,{0: 53},max_iter,43.54,,,,300.0,301.0,"{0: 3.653149145965631, 1: 1.1736429124155976, 2: 1.0900734072846305, 3: 0.9784065217543046}","{'random': 0.8237335500000001, 'probability': 2.743137239588129, 'degree': 1.5689610422198825, 'bridge': 0.9328019968775254, 'betweenness': 2.031005122662263, 'spectral': 2.1753572275947866}","{'random': 2.0887337703906907, 'worst': 2.667427209154169, 'related': 0.8641778957245642}","{'random': 0, 'probability': 6, 'degree': 2, 'bridge': 1, 'betweenness': 5, 'spectral': 5}","{3: 1, 0: 16, 2: 1, 1: 1}","{0: 16, 1: 1, 2: 1, 3: 1}","{0: 138, 1: 46, 2: 56, 3: 60}","{'random': 0, 'probability': 0, 'degree': 0, 'bridge': 0, 'betweenness': 0, 'spectral': 0}","{0: 0, 1: 0, 2: 0, 3: 0}","{0: 106, 1: 3745, 2: 13730, 3: 4503}","(5, 21)",300.0,20.0,6.0,0.1,0.4,0.1,3.0,
typical,123,55,11,greedy_random,7.0,643.556,644.4745,643.298,644.1835,0.00040089751319238864,0.0004515306656819318,-5.063315248954314e-05,11,{0: 11},topk,0.7,55.0,"(1, 0)","[1, 1, 1, 1, 1, 1, 1, 1, 1, 1, 1, 1, 1, 1, 1, 1, 1, 1, 1, 1, 1, 1, 1, 1, 1, 1, 1, 1, 1, 1, 1, 1, 1, 1, 1, 1, 1, 1, 1, 1, 1, 1, 1, 1, 1, 1, 1, 1, 1, 1, 1, 1, 1, 1, 1]",,,,,,,,,,,,,,,,,,,,,
typical,123,55,11,greedy_probability,,643.556,644.4745,575.352,574.178,0.1059798991851526,0.10907568879761731,-0.0030957896124647055,11,{0: 11},topk,0.63,55.0,"(1, 0)","[24, 10, 5, 5, 4, 3, 2, 1, 1]",,,,,,,,,,,,,,,,,,,,,
typical,123,55,11,greedy_degree,,643.556,644.4745,643.556,644.47,0.0,6.982432974478314e-06,-6.982432974478314e-06,11,{0: 11},topk,0.71,55.0,"(1, 0)","[4, 3, 3, 2, 2, 2, 2, 2, 2, 1, 1, 1, 1, 1, 1, 1, 1, 1, 1, 1, 1, 1, 1, 1, 1, 1, 1, 1, 1, 1, 1, 1, 1, 1, 1, 1, 1, 1, 1, 1, 1, 1]",,,,,,,,,,,,,,,,,,,,,
typical,123,55,11,greedy_bridge,,643.556,644.4745,642.594,643.504,0.0014948194096551237,0.0015058780448257147,-1.1058635170591025e-05,11,{0: 11},topk,0.71,55.0,"(7, 44)","[51, 4]",,,,,,,,,,,,,,,,,,,,,
typical,123,55,11,greedy_betweenness,,643.556,644.4745,643.546,644.4695,1.553866330206155e-05,7.758258860457445e-06,7.780404441604105e-06,11,{0: 11},topk,0.71,55.0,"(1, 0)","[1, 1, 1, 1, 1, 1, 1, 1, 1, 1, 1, 1, 1, 1, 1, 1, 1, 1, 1, 1, 1, 1, 1, 1, 1, 1, 1, 1, 1, 1, 1, 1, 1, 1, 1, 1, 1, 1, 1, 1, 1, 1, 1, 1, 1, 1, 1, 1, 1, 1, 1, 1, 1, 1, 1]",,,,,,,,,,,,,,,,,,,,,
typical,123,55,11,greedy_spectral,,643.556,644.4745,643.556,644.47,0.0,6.982432974478314e-06,-6.982432974478314e-06,11,{0: 11},topk,0.0,55.0,"(1, 0)","[1, 1, 1, 1, 1, 1, 1, 1, 1, 1, 1, 1, 1, 1, 1, 1, 1, 1, 1, 1, 1, 1, 1, 1, 1, 1, 1, 1, 1, 1, 1, 1, 1, 1, 1, 1, 1, 1, 1, 1, 1, 1, 1, 1, 1, 1, 1, 1, 1, 1, 1, 1, 1, 1, 1]",,,,,,,,,,,,,,,,,,,,,
typical,123,55,11,alns,7.0,643.556,644.4745,639.726,642.759,0.005951308044676806,0.0026618586150422008,0.0032894494296346055,11,{0: 11},max_iter,58.21,,,,300.0,301.0,"{0: 7.558648162440812, 1: 6.702726275421921, 2: 7.922400319873507, 3: 7.686585132120881}","{'random': 7.9688404155286126, 'probability': 7.6020709626937055, 'degree': 8.278530020292791, 'bridge': 7.720227589214776, 'betweenness': 5.537304792288001, 'spectral': 6.985997847876258}","{'random': 7.306230050372353, 'worst': 6.674108010829327, 'related': 7.9201379354047905}","{'random': 0, 'probability': 1, 'degree': 0, 'bridge': 0, 'betweenness': 0, 'spectral': 0}",{0: 1},"{0: 1, 1: 0, 2: 0, 3: 0}","{0: 90, 1: 60, 2: 85, 3: 65}","{'random': 4, 'probability': 4, 'degree': 10, 'bridge': 4, 'betweenness': 10, 'spectral': 12}","{0: 0, 1: 0, 2: 0, 3: 0}","{0: 55, 1: 2927, 2: 13240, 3: 5617}","(1, 4)",300.0,20.0,6.0,0.1,0.4,0.1,3.0,
typical,123,55,19,greedy_random,7.0,643.556,644.4745,643.16,644.0395,0.0006153310667603717,0.0006749685208647938,-5.9637454104422005e-05,19,{0: 19},topk,0.72,55.0,"(1, 0)","[1, 1, 1, 1, 1, 1, 1, 1, 1, 1, 1, 1, 1, 1, 1, 1, 1, 1, 1, 1, 1, 1, 1, 1, 1, 1, 1, 1, 1, 1, 1, 1, 1, 1, 1, 1, 1, 1, 1, 1, 1, 1, 1, 1, 1, 1, 1, 1, 1, 1, 1, 1, 1, 1, 1]",,,,,,,,,,,,,,,,,,,,,
typical,123,55,19,greedy_probability,,643.556,644.4745,365.858,375.5385,0.4315055721646601,0.41729502098221116,0.01421055118244896,19,{0: 19},topk,0.41,55.0,"(3, 2)","[24, 10, 5, 5, 4, 3, 2, 1, 1]",,,,,,,,,,,,,,,,,,,,,
typical,123,55,19,greedy_degree,,643.556,644.4745,643.468,643.44,0.00013674023705800842,0.0016051837582402584,-0.00146844352118225,19,{0: 19},topk,0.71,55.0,"(1, 0)","[4, 3, 3, 2, 2, 2, 2, 2, 2, 1, 1, 1, 1, 1, 1, 1, 1, 1, 1, 1, 1, 1, 1, 1, 1, 1, 1, 1, 1, 1, 1, 1, 1, 1, 1, 1, 1, 1, 1, 1, 1, 1]",,,,,,,,,,,,,,,,,,,,,
typical,123,55,19,greedy_bridge,,643.556,644.4745,642.526,643.44,0.001600482320109009,0.0016051837582402584,-4.701438131249347e-06,19,{0: 19},topk,0.7,55.0,"(15, 36)","[51, 4]",,,,,,,,,,,,,,,,,,,,,
typical,123,55,19,greedy_betweenness,,643.556,644.4745,642.3,640.566,0.0019516561107348895,0.006064630951263417,-0.004112974840528527,19,{0: 19},topk,0.7,55.0,"(1, 0)","[1, 1, 1, 1, 1, 1, 1, 1, 1, 1, 1, 1, 1, 1, 1, 1, 1, 1, 1, 1, 1, 1, 1, 1, 1, 1, 1, 1, 1, 1, 1, 1, 1, 1, 1, 1, 1, 1, 1, 1, 1, 1, 1, 1, 1, 1, 1, 1, 1, 1, 1, 1, 1, 1, 1]",,,,,,,,,,,,,,,,,,,,,
typical,123,55,19,greedy_spectral,,643.556,644.4745,643.468,643.4385,0.00013674023705800842,0.0016075112358985288,-0.0014707709988405204,19,{0: 19},topk,0.7,55.0,"(1, 0)","[1, 1, 1, 1, 1, 1, 1, 1, 1, 1, 1, 1, 1, 1, 1, 1, 1, 1, 1, 1, 1, 1, 1, 1, 1, 1, 1, 1, 1, 1, 1, 1, 1, 1, 1, 1, 1, 1, 1, 1, 1, 1, 1, 1, 1, 1, 1, 1, 1, 1, 1, 1, 1, 1, 1]",,,,,,,,,,,,,,,,,,,,,
typical,123,55,19,alns,7.0,643.556,644.4745,371.216,370.683,0.42317995636743344,0.42482906616165583,-0.001649109794222392,19,{0: 19},max_iter,53.61,,,,300.0,298.0,"{0: 5.412037963948432, 1: 2.997223691497183, 2: 3.5535170468180346, 3: 3.400748452965675}","{'random': 3.4080522169056313, 'probability': 4.44245804454345, 'degree': 3.4923248024706854, 'bridge': 3.0207839382169577, 'betweenness': 3.643186954219238, 'spectral': 3.0984397697589303}","{'random': 3.4683679780417083, 'worst': 4.8210784581586665, 'related': 3.695703802824352}","{'random': 1, 'probability': 5, 'degree': 0, 'bridge': 0, 'betweenness': 1, 'spectral': 0}","{1: 1, 0: 6}","{0: 6, 1: 1, 2: 0, 3: 0}","{0: 88, 1: 68, 2: 69, 3: 75}","{'random': 4, 'probability': 4, 'degree': 4, 'bridge': 0, 'betweenness': 1, 'spectral': 4}","{0: 0, 1: 0, 2: 0, 3: 0}","{0: 55, 1: 2927, 2: 13240, 3: 5617}","(1, 7)",300.0,20.0,6.0,0.1,0.4,0.1,3.0,
